Date_Time,ACTIVE_POWER
2025-01-05 00:00:39,-16.219999313354492
2025-01-05 00:01:39,-16.290000915527344
2025-01-05 00:02:38,-16.200000762939453
2025-01-05 00:03:40,-15.920000076293945
2025-01-05 00:04:39,-16.40999984741211
2025-01-05 00:05:38,-16.190000534057617
2025-01-05 00:06:39,-16.200000762939453
2025-01-05 00:07:39,-16.270000457763672
2025-01-05 00:08:39,-16.110000610351562
2025-01-05 00:09:38,-16.239999771118164
2025-01-05 00:10:39,-16.200000762939453
2025-01-05 00:11:40,-16.31999969482422
2025-01-05 00:12:39,-16.049999237060547
2025-01-05 00:13:38,-16.329999923706055
2025-01-05 00:14:40,-16.09000015258789
2025-01-05 00:15:39,-16.299999237060547
2025-01-05 00:16:39,-16.34000015258789
2025-01-05 00:17:38,-16.15999984741211
2025-01-05 00:18:39,-16.3799991607666
2025-01-05 00:19:39,-16.139999389648438
2025-01-05 00:20:39,-16.43000030517578
2025-01-05 00:21:38,-16.110000610351562
2025-01-05 00:22:40,-16.479999542236328
2025-01-05 00:23:39,-16.270000457763672
2025-01-05 00:24:39,-16.290000915527344
2025-01-05 00:25:38,-16.3700008392334
2025-01-05 00:26:39,-16.260000228881836
2025-01-05 00:27:39,-16.030000686645508
2025-01-05 00:28:39,-16.309999465942383
2025-01-05 00:29:39,-16.239999771118164
2025-01-05 00:30:39,-16.3799991607666
2025-01-05 00:31:39,-16.25
2025-01-05 00:32:39,-16.209999084472656
2025-01-05 00:33:40,-16.149999618530273
2025-01-05 00:34:39,-16.149999618530273
2025-01-05 00:35:37,-16.079999923706055
2025-01-05 00:36:39,-16.239999771118164
2025-01-05 00:37:39,-16.239999771118164
2025-01-05 00:38:39,-16.229999542236328
2025-01-05 00:39:39,-16.239999771118164
2025-01-05 00:40:40,-16.200000762939453
2025-01-05 00:41:38,-16.209999084472656
2025-01-05 00:42:39,-16.170000076293945
2025-01-05 00:43:39,-16.229999542236328
2025-01-05 00:44:39,-16.110000610351562
2025-01-05 00:45:39,-16.219999313354492
2025-01-05 00:46:38,-16.290000915527344
2025-01-05 00:47:40,-16.229999542236328
2025-01-05 00:48:40,-16.309999465942383
2025-01-05 00:49:38,-16.450000762939453
2025-01-05 00:50:38,-16.270000457763672
2025-01-05 00:51:39,-16.170000076293945
2025-01-05 00:52:39,-16.280000686645508
2025-01-05 00:53:39,-16.530000686645508
2025-01-05 00:54:38,-16.239999771118164
2025-01-05 00:55:39,-16.209999084472656
2025-01-05 00:56:39,-16.229999542236328
2025-01-05 00:57:38,-16.15999984741211
2025-01-05 00:58:39,-16.350000381469727
2025-01-05 00:59:39,-16.56999969482422
2025-01-05 01:00:39,-16.3700008392334
2025-01-05 01:01:39,-16.540000915527344
2025-01-05 01:02:38,-16.399999618530273
2025-01-05 01:03:39,-16.420000076293945
2025-01-05 01:04:39,-16.459999084472656
2025-01-05 01:05:38,-16.520000457763672
2025-01-05 01:06:39,-16.610000610351562
2025-01-05 01:07:39,-16.329999923706055
2025-01-05 01:08:39,-16.43000030517578
2025-01-05 01:09:39,-16.450000762939453
2025-01-05 01:10:39,-16.309999465942383
2025-01-05 01:11:39,-16.549999237060547
2025-01-05 01:12:39,-16.420000076293945
2025-01-05 01:13:36,-16.3799991607666
2025-01-05 01:14:40,-16.469999313354492
2025-01-05 01:15:39,-16.309999465942383
2025-01-05 01:16:38,-16.399999618530273
2025-01-05 01:17:38,-16.420000076293945
2025-01-05 01:18:39,-16.329999923706055
2025-01-05 01:19:39,-16.450000762939453
2025-01-05 01:20:39,-16.760000228881836
2025-01-05 01:21:38,-16.3700008392334
2025-01-05 01:22:39,-16.350000381469727
2025-01-05 01:23:38,-16.450000762939453
2025-01-05 01:24:39,-16.290000915527344
2025-01-05 01:25:38,-16.18000030517578
2025-01-05 01:26:39,-16.510000228881836
2025-01-05 01:27:39,-16.510000228881836
2025-01-05 01:28:40,-16.459999084472656
2025-01-05 01:29:39,-16.540000915527344
2025-01-05 01:30:39,-16.270000457763672
2025-01-05 01:31:38,-16.329999923706055
2025-01-05 01:32:38,-16.399999618530273
2025-01-05 01:33:39,-16.239999771118164
2025-01-05 01:34:39,-16.309999465942383
2025-01-05 01:35:39,-16.469999313354492
2025-01-05 01:36:39,-16
2025-01-05 01:37:39,-16.3799991607666
2025-01-05 01:38:39,-16.399999618530273
2025-01-05 01:39:38,-16.290000915527344
2025-01-05 01:40:40,-16.270000457763672
2025-01-05 01:41:39,-16.299999237060547
2025-01-05 01:42:39,-16.510000228881836
2025-01-05 01:43:38,-16.43000030517578
2025-01-05 01:44:39,-16.459999084472656
2025-01-05 01:45:40,-16.420000076293945
2025-01-05 01:46:39,-16.350000381469727
2025-01-05 01:47:39,-16.200000762939453
2025-01-05 01:48:39,-16.350000381469727
2025-01-05 01:49:39,-16.420000076293945
2025-01-05 01:50:39,-16.25
2025-01-05 01:51:38,-16.459999084472656
2025-01-05 01:52:39,-16.3700008392334
2025-01-05 01:53:39,-16.309999465942383
2025-01-05 01:54:39,-16.31999969482422
2025-01-05 01:55:39,-16.450000762939453
2025-01-05 01:56:39,-16.40999984741211
2025-01-05 01:57:39,-16.6200008392334
2025-01-05 01:58:39,-16.450000762939453
2025-01-05 01:59:38,-16.440000534057617
2025-01-05 02:00:39,-16.6299991607666
2025-01-05 02:01:39,-16.6299991607666
2025-01-05 02:02:39,-16.209999084472656
2025-01-05 02:03:39,-16.219999313354492
2025-01-05 02:04:39,-16.049999237060547
2025-01-05 02:05:38,-15.979999542236328
2025-01-05 02:06:39,-16.350000381469727
2025-01-05 02:07:38,-16.34000015258789
2025-01-05 02:08:39,-16.1200008392334
2025-01-05 02:09:40,-16.049999237060547
2025-01-05 02:10:38,-16.06999969482422
2025-01-05 02:11:39,-15.960000038146973
2025-01-05 02:12:39,-16.030000686645508
2025-01-05 02:13:39,-15.989999771118164
2025-01-05 02:14:38,-16.049999237060547
2025-01-05 02:15:39,-16.139999389648438
2025-01-05 02:16:38,-16.110000610351562
2025-01-05 02:17:40,-16.149999618530273
2025-01-05 02:18:38,-15.979999542236328
2025-01-05 02:19:38,-16.190000534057617
2025-01-05 02:20:40,-16.25
2025-01-05 02:21:39,-15.90999984741211
2025-01-05 02:22:38,-16.290000915527344
2025-01-05 02:23:39,-16.100000381469727
2025-01-05 02:24:39,-16.3700008392334
2025-01-05 02:25:39,-16.110000610351562
2025-01-05 02:26:38,-16.1200008392334
2025-01-05 02:27:38,-16.149999618530273
2025-01-05 02:28:38,-16.010000228881836
2025-01-05 02:29:39,-16
2025-01-05 02:30:39,-15.979999542236328
2025-01-05 02:31:38,-16.059999465942383
2025-01-05 02:32:39,-15.920000076293945
2025-01-05 02:33:39,-16.239999771118164
2025-01-05 02:34:39,-16.239999771118164
2025-01-05 02:35:39,-16.100000381469727
2025-01-05 02:36:39,-16.290000915527344
2025-01-05 02:37:38,-16.100000381469727
2025-01-05 02:38:36,-16.020000457763672
2025-01-05 02:39:38,-15.970000267028809
2025-01-05 02:40:39,-15.949999809265137
2025-01-05 02:41:38,-16
2025-01-05 02:42:39,-16.18000030517578
2025-01-05 02:43:38,-16.09000015258789
2025-01-05 02:44:39,-16.110000610351562
2025-01-05 02:45:39,-16.110000610351562
2025-01-05 02:46:38,-16.149999618530273
2025-01-05 02:47:39,-16.110000610351562
2025-01-05 02:48:39,-15.930000305175781
2025-01-05 02:49:39,-16.149999618530273
2025-01-05 02:50:39,-16.149999618530273
2025-01-05 02:51:39,-16.139999389648438
2025-01-05 02:52:38,-16.3799991607666
2025-01-05 02:53:39,-16.18000030517578
2025-01-05 02:54:39,-16.059999465942383
2025-01-05 02:55:39,-16.200000762939453
2025-01-05 02:56:39,-15.960000038146973
2025-01-05 02:57:38,-16.280000686645508
2025-01-05 02:58:39,-16.229999542236328
2025-01-05 02:59:39,-16.1200008392334
2025-01-05 03:00:38,-16.229999542236328
2025-01-05 03:01:40,-16.329999923706055
2025-01-05 03:02:40,-16.149999618530273
2025-01-05 03:03:38,-16.1200008392334
2025-01-05 03:04:38,-16.079999923706055
2025-01-05 03:05:40,-16.270000457763672
2025-01-05 03:06:38,-16.110000610351562
2025-01-05 03:07:39,-15.989999771118164
2025-01-05 03:08:39,-16.190000534057617
2025-01-05 03:09:39,-16.059999465942383
2025-01-05 03:10:39,-16.030000686645508
2025-01-05 03:11:38,-16.06999969482422
2025-01-05 03:12:39,-16.110000610351562
2025-01-05 03:13:40,-16.049999237060547
2025-01-05 03:14:38,-16.049999237060547
2025-01-05 03:15:38,-16.1299991607666
2025-01-05 03:16:39,-16.059999465942383
2025-01-05 03:17:39,-16.020000457763672
2025-01-05 03:18:39,-16.06999969482422
2025-01-05 03:19:38,-15.9399995803833
2025-01-05 03:20:39,-15.880000114440918
2025-01-05 03:21:40,-15.90999984741211
2025-01-05 03:22:35,-15.84000015258789
2025-01-05 03:23:38,-16.190000534057617
2025-01-05 03:24:38,-16.079999923706055
2025-01-05 03:25:39,-15.899999618530273
2025-01-05 03:26:38,-15.960000038146973
2025-01-05 03:27:39,-16.049999237060547
2025-01-05 03:28:38,-15.869999885559082
2025-01-05 03:29:39,-16.110000610351562
2025-01-05 03:30:39,-16.170000076293945
2025-01-05 03:31:38,-15.829999923706055
2025-01-05 03:32:40,-15.8100004196167
2025-01-05 03:33:38,-15.9399995803833
2025-01-05 03:34:38,-16.06999969482422
2025-01-05 03:35:39,-15.859999656677246
2025-01-05 03:36:39,-15.770000457763672
2025-01-05 03:37:38,-15.970000267028809
2025-01-05 03:38:39,-16.100000381469727
2025-01-05 03:39:39,-16.1200008392334
2025-01-05 03:40:39,-15.829999923706055
2025-01-05 03:41:38,-15.989999771118164
2025-01-05 03:42:39,-15.880000114440918
2025-01-05 03:43:40,-15.819999694824219
2025-01-05 03:44:38,-15.970000267028809
2025-01-05 03:45:38,-16.1200008392334
2025-01-05 03:46:38,-15.899999618530273
2025-01-05 03:47:39,-16.1200008392334
2025-01-05 03:48:38,-15.920000076293945
2025-01-05 03:49:39,-16.059999465942383
2025-01-05 03:50:39,-15.800000190734863
2025-01-05 03:51:38,-15.989999771118164
2025-01-05 03:52:38,-15.949999809265137
2025-01-05 03:53:39,-16.200000762939453
2025-01-05 03:54:39,-16.030000686645508
2025-01-05 03:55:39,-15.970000267028809
2025-01-05 03:56:38,-15.899999618530273
2025-01-05 03:57:39,-16.200000762939453
2025-01-05 03:58:39,-15.779999732971191
2025-01-05 03:59:38,-15.699999809265137
2025-01-05 04:00:38,-15.8100004196167
2025-01-05 04:01:39,-16.06999969482422
2025-01-05 04:02:38,-16.239999771118164
2025-01-05 04:03:38,-15.899999618530273
2025-01-05 04:04:39,-16.059999465942383
2025-01-05 04:05:38,-15.899999618530273
2025-01-05 04:06:38,-15.819999694824219
2025-01-05 04:07:38,-15.829999923706055
2025-01-05 04:08:38,-15.739999771118164
2025-01-05 04:09:38,-15.649999618530273
2025-01-05 04:10:39,-15.920000076293945
2025-01-05 04:11:38,-15.670000076293945
2025-01-05 04:12:39,-16.030000686645508
2025-01-05 04:13:39,-15.859999656677246
2025-01-05 04:14:38,-15.699999809265137
2025-01-05 04:15:39,-15.670000076293945
2025-01-05 04:16:38,-15.680000305175781
2025-01-05 04:17:38,-15.84000015258789
2025-01-05 04:18:39,-15.920000076293945
2025-01-05 04:19:39,-15.859999656677246
2025-01-05 04:20:38,-15.84000015258789
2025-01-05 04:21:38,-15.90999984741211
2025-01-05 04:22:39,-15.960000038146973
2025-01-05 04:23:39,-16.200000762939453
2025-01-05 04:24:39,-15.779999732971191
2025-01-05 04:25:38,-15.720000267028809
2025-01-05 04:26:39,-15.770000457763672
2025-01-05 04:27:39,-15.6899995803833
2025-01-05 04:28:39,-15.59000015258789
2025-01-05 04:29:38,-15.65999984741211
2025-01-05 04:30:39,-15.789999961853027
2025-01-05 04:31:38,-15.640000343322754
2025-01-05 04:32:40,-15.829999923706055
2025-01-05 04:33:40,-15.720000267028809
2025-01-05 04:34:38,-15.930000305175781
2025-01-05 04:35:39,-16.020000457763672
2025-01-05 04:36:39,-15.800000190734863
2025-01-05 04:37:39,-15.699999809265137
2025-01-05 04:38:38,-15.739999771118164
2025-01-05 04:39:38,-15.649999618530273
2025-01-05 04:40:39,-15.710000038146973
2025-01-05 04:41:40,-15.720000267028809
2025-01-05 04:42:38,-15.720000267028809
2025-01-05 04:43:38,-15.609999656677246
2025-01-05 04:44:39,-15.829999923706055
2025-01-05 04:45:39,-16.020000457763672
2025-01-05 04:46:38,-15.640000343322754
2025-01-05 04:47:39,-15.770000457763672
2025-01-05 04:48:39,-15.84000015258789
2025-01-05 04:49:39,-15.630000114440918
2025-01-05 04:50:36,-15.640000343322754
2025-01-05 04:51:39,-15.770000457763672
2025-01-05 04:52:39,-15.609999656677246
2025-01-05 04:53:39,-15.670000076293945
2025-01-05 04:54:38,-15.609999656677246
2025-01-05 04:55:38,-15.720000267028809
2025-01-05 04:56:39,-15.680000305175781
2025-01-05 04:57:38,-15.75
2025-01-05 04:58:39,-15.75
2025-01-05 04:59:39,-15.510000228881836
2025-01-05 05:00:38,-15.619999885559082
2025-01-05 05:01:39,-15.8100004196167
2025-01-05 05:02:39,-15.5600004196167
2025-01-05 05:03:38,-15.630000114440918
2025-01-05 05:04:39,-15.619999885559082
2025-01-05 05:05:38,-15.479999542236328
2025-01-05 05:06:39,-15.640000343322754
2025-01-05 05:07:39,-15.770000457763672
2025-01-05 05:08:38,-15.609999656677246
2025-01-05 05:09:39,-15.869999885559082
2025-01-05 05:10:38,-15.520000457763672
2025-01-05 05:11:38,-15.539999961853027
2025-01-05 05:12:39,-15.479999542236328
2025-01-05 05:13:38,-15.600000381469727
2025-01-05 05:14:39,-15.5600004196167
2025-01-05 05:15:39,-15.539999961853027
2025-01-05 05:16:39,-15.720000267028809
2025-01-05 05:17:37,-15.520000457763672
2025-01-05 05:18:39,-15.670000076293945
2025-01-05 05:19:39,-15.539999961853027
2025-01-05 05:20:39,-15.649999618530273
2025-01-05 05:21:38,-15.75
2025-01-05 05:22:39,-15.920000076293945
2025-01-05 05:23:38,-15.6899995803833
2025-01-05 05:24:39,-15.720000267028809
2025-01-05 05:25:39,-15.800000190734863
2025-01-05 05:26:38,-15.859999656677246
2025-01-05 05:27:38,-15.5
2025-01-05 05:28:39,-15.670000076293945
2025-01-05 05:29:39,-15.680000305175781
2025-01-05 05:30:38,-15.550000190734863
2025-01-05 05:31:37,-15.729999542236328
2025-01-05 05:32:39,-15.789999961853027
2025-01-05 05:33:38,-15.960000038146973
2025-01-05 05:34:36,-15.520000457763672
2025-01-05 05:35:39,-15.59000015258789
2025-01-05 05:36:38,-15.59000015258789
2025-01-05 05:37:38,-15.640000343322754
2025-01-05 05:38:39,-15.800000190734863
2025-01-05 05:39:38,-15.619999885559082
2025-01-05 05:40:39,-15.649999618530273
2025-01-05 05:41:38,-15.479999542236328
2025-01-05 05:42:39,-15.460000038146973
2025-01-05 05:43:39,-15.670000076293945
2025-01-05 05:44:38,-15.510000228881836
2025-01-05 05:45:37,-15.479999542236328
2025-01-05 05:46:39,-15.5600004196167
2025-01-05 05:47:38,-15.640000343322754
2025-01-05 05:48:40,-15.729999542236328
2025-01-05 05:49:38,-15.6899995803833
2025-01-05 05:50:39,-15.829999923706055
2025-01-05 05:51:38,-15.489999771118164
2025-01-05 05:52:39,-15.529999732971191
2025-01-05 05:53:39,-15.6899995803833
2025-01-05 05:54:38,-15.819999694824219
2025-01-05 05:55:38,-15.6899995803833
2025-01-05 05:56:39,-15.789999961853027
2025-01-05 05:57:38,-15.829999923706055
2025-01-05 05:58:38,-15.65999984741211
2025-01-05 05:59:39,-15.489999771118164
2025-01-05 06:00:39,-15.65999984741211
2025-01-05 06:01:38,-15.760000228881836
2025-01-05 06:02:39,-15.779999732971191
2025-01-05 06:03:39,-15.670000076293945
2025-01-05 06:04:39,-15.649999618530273
2025-01-05 06:05:38,-15.640000343322754
2025-01-05 06:06:39,-15.859999656677246
2025-01-05 06:07:38,-15.800000190734863
2025-01-05 06:08:39,-15.850000381469727
2025-01-05 06:09:38,-15.579999923706055
2025-01-05 06:10:38,-15.600000381469727
2025-01-05 06:11:39,-15.619999885559082
2025-01-05 06:12:38,-15.6899995803833
2025-01-05 06:13:39,-15.579999923706055
2025-01-05 06:14:39,-15.4399995803833
2025-01-05 06:15:38,-15.289999961853027
2025-01-05 06:16:39,-15.369999885559082
2025-01-05 06:17:38,-15.449999809265137
2025-01-05 06:18:37,-15.529999732971191
2025-01-05 06:19:39,-15.40999984741211
2025-01-05 06:20:38,-15.319999694824219
2025-01-05 06:21:39,-15.380000114440918
2025-01-05 06:22:38,-15.34000015258789
2025-01-05 06:23:38,-15.229999542236328
2025-01-05 06:24:40,-15.199999809265137
2025-01-05 06:25:38,-15.220000267028809
2025-01-05 06:26:39,-15.15999984741211
2025-01-05 06:27:39,-15.130000114440918
2025-01-05 06:28:38,-15.270000457763672
2025-01-05 06:29:38,-15.350000381469727
2025-01-05 06:30:39,-15.199999809265137
2025-01-05 06:31:39,-15.770000457763672
2025-01-05 06:32:37,-15.890000343322754
2025-01-05 06:33:38,-16.309999465942383
2025-01-05 06:34:39,-16.34000015258789
2025-01-05 06:35:38,-13.300000190734863
2025-01-05 06:36:38,-11.670000076293945
2025-01-05 06:37:39,-9.329999923706055
2025-01-05 06:38:38,-6.5
2025-01-05 06:39:39,-3.5399999618530273
2025-01-05 06:40:37,-0.9599999785423279
2025-01-05 06:41:38,0.3499999940395355
2025-01-05 06:42:39,1.4800000190734863
2025-01-05 06:43:38,4.449999809265137
2025-01-05 06:44:39,9.5600004196167
2025-01-05 06:45:39,30.700000762939453
2025-01-05 06:46:38,98.33000183105469
2025-01-05 06:47:39,128.49000549316406
2025-01-05 06:48:38,153.1699981689453
2025-01-05 06:49:38,172.49000549316406
2025-01-05 06:50:39,192.5500030517578
2025-01-05 06:51:39,211.47999572753906
2025-01-05 06:52:38,231.3800048828125
2025-01-05 06:53:39,250.50999450683594
2025-01-05 06:54:38,269.9100036621094
2025-01-05 06:55:39,289.92999267578125
2025-01-05 06:56:39,311.0400085449219
2025-01-05 06:57:38,334.6199951171875
2025-01-05 06:58:39,361.1600036621094
2025-01-05 06:59:36,384.5
2025-01-05 07:00:38,408.05999755859375
2025-01-05 07:01:38,430.17999267578125
2025-01-05 07:02:37,453.6499938964844
2025-01-05 07:03:38,477.6600036621094
2025-01-05 07:04:40,502.0899963378906
2025-01-05 07:05:39,528.9099731445312
2025-01-05 07:06:38,558.3599853515625
2025-01-05 07:07:38,587.6599731445312
2025-01-05 07:08:39,619.3800048828125
2025-01-05 07:09:39,653
2025-01-05 07:10:38,685.5999755859375
2025-01-05 07:11:38,717.9600219726562
2025-01-05 07:12:39,749.280029296875
2025-01-05 07:13:38,783.739990234375
2025-01-05 07:14:38,814.280029296875
2025-01-05 07:15:39,850.3900146484375
2025-01-05 07:16:39,886.7999877929688
2025-01-05 07:17:38,923.7999877929688
2025-01-05 07:18:38,956.47998046875
2025-01-05 07:19:39,987.0499877929688
2025-01-05 07:20:39,1020.1400146484375
2025-01-05 07:21:38,1053.2099609375
2025-01-05 07:22:39,1091.0799560546875
2025-01-05 07:23:40,1133.6099853515625
2025-01-05 07:24:38,1173.550048828125
2025-01-05 07:25:38,1210.530029296875
2025-01-05 07:26:38,1243.7900390625
2025-01-05 07:27:39,1277.1800537109375
2025-01-05 07:28:38,1316.6400146484375
2025-01-05 07:29:39,1358.3699951171875
2025-01-05 07:30:39,1403.5999755859375
2025-01-05 07:31:38,1452.22998046875
2025-01-05 07:32:39,1495.6199951171875
2025-01-05 07:33:39,1544.1099853515625
2025-01-05 07:34:38,1592.1500244140625
2025-01-05 07:35:39,1644.6500244140625
2025-01-05 07:36:39,1696.43994140625
2025-01-05 07:37:38,1743.1300048828125
2025-01-05 07:38:38,1792.4599609375
2025-01-05 07:39:38,1831.3900146484375
2025-01-05 07:40:38,1870.780029296875
2025-01-05 07:41:39,1915.3199462890625
2025-01-05 07:42:38,1965.77001953125
2025-01-05 07:43:39,2013.550048828125
2025-01-05 07:44:39,2059.1201171875
2025-01-05 07:45:39,2099.719970703125
2025-01-05 07:46:38,2136.429931640625
2025-01-05 07:47:38,2188.530029296875
2025-01-05 07:48:38,2244.550048828125
2025-01-05 07:49:38,2298.27001953125
2025-01-05 07:50:38,2358.070068359375
2025-01-05 07:51:38,2422.10009765625
2025-01-05 07:52:39,2476.760009765625
2025-01-05 07:53:39,2515.64990234375
2025-01-05 07:54:38,2552.75
2025-01-05 07:55:38,2599.739990234375
2025-01-05 07:56:39,2646.169921875
2025-01-05 07:57:39,2675.510009765625
2025-01-05 07:58:37,2712.7099609375
2025-01-05 07:59:38,2756.449951171875
2025-01-05 08:00:38,2795.1201171875
2025-01-05 08:01:39,2840.830078125
2025-01-05 08:02:38,2867.320068359375
2025-01-05 08:03:37,2902.27001953125
2025-01-05 08:04:39,2935.18994140625
2025-01-05 08:05:39,2980.1298828125
2025-01-05 08:06:37,3029.219970703125
2025-01-05 08:07:39,3080.929931640625
2025-01-05 08:08:39,3115.25
2025-01-05 08:09:38,3162.3701171875
2025-01-05 08:10:39,3210.449951171875
2025-01-05 08:11:38,3260.580078125
2025-01-05 08:12:38,3318.360107421875
2025-01-05 08:13:39,3374.1298828125
2025-01-05 08:14:38,3426.590087890625
2025-01-05 08:15:39,3475.419921875
2025-01-05 08:16:38,3516
2025-01-05 08:17:38,3539.489990234375
2025-01-05 08:18:39,3577.050048828125
2025-01-05 08:19:38,3623.340087890625
2025-01-05 08:20:38,3671.280029296875
2025-01-05 08:21:39,3745.5400390625
2025-01-05 08:22:38,3794.719970703125
2025-01-05 08:23:38,3844.669921875
2025-01-05 08:24:38,3857.389892578125
2025-01-05 08:25:38,3925.050048828125
2025-01-05 08:26:39,3985.3798828125
2025-01-05 08:27:38,4011.830078125
2025-01-05 08:28:38,4057.590087890625
2025-01-05 08:29:39,4063.219970703125
2025-01-05 08:30:39,4154.9501953125
2025-01-05 08:31:38,4268.080078125
2025-01-05 08:32:39,4288.4599609375
2025-01-05 08:33:38,4185.83984375
2025-01-05 08:34:39,4310.7099609375
2025-01-05 08:35:38,4505.58984375
2025-01-05 08:36:38,4536.75
2025-01-05 08:37:39,4555.22998046875
2025-01-05 08:38:39,4624.4599609375
2025-01-05 08:39:38,4671.0498046875
2025-01-05 08:40:39,4682.9599609375
2025-01-05 08:41:39,4774.4599609375
2025-01-05 08:42:38,4870.41015625
2025-01-05 08:43:38,4919.43017578125
2025-01-05 08:44:38,4946.91015625
2025-01-05 08:45:38,4995.68994140625
2025-01-05 08:46:39,5047.52978515625
2025-01-05 08:47:38,5131.35009765625
2025-01-05 08:48:38,5122.43017578125
2025-01-05 08:49:39,5183.06982421875
2025-01-05 08:50:38,5242.2900390625
2025-01-05 08:51:38,5297.18017578125
2025-01-05 08:52:38,5361.89990234375
2025-01-05 08:53:39,5354
2025-01-05 08:54:39,5474.93994140625
2025-01-05 08:55:38,5485.509765625
2025-01-05 08:56:38,5510.0498046875
2025-01-05 08:57:39,5600.009765625
2025-01-05 08:58:39,5636.259765625
2025-01-05 08:59:38,5669.14990234375
2025-01-05 09:00:38,5668.06982421875
2025-01-05 09:01:39,5779.89013671875
2025-01-05 09:02:38,5843.64990234375
2025-01-05 09:03:37,5886.3798828125
2025-01-05 09:04:39,5915.14013671875
2025-01-05 09:05:38,5977.81982421875
2025-01-05 09:06:38,6054
2025-01-05 09:07:39,6102.740234375
2025-01-05 09:08:38,6154.81982421875
2025-01-05 09:09:38,6195.080078125
2025-01-05 09:10:38,6267.64013671875
2025-01-05 09:11:39,6278.56982421875
2025-01-05 09:12:39,6313.22998046875
2025-01-05 09:13:37,6411.52978515625
2025-01-05 09:14:39,6463.0400390625
2025-01-05 09:15:38,6497.06982421875
2025-01-05 09:16:37,6529.18994140625
2025-01-05 09:17:38,6574.39990234375
2025-01-05 09:18:38,6621.18017578125
2025-01-05 09:19:38,6659.259765625
2025-01-05 09:20:39,6660.759765625
2025-01-05 09:21:38,6673.60009765625
2025-01-05 09:22:38,6721.4501953125
2025-01-05 09:23:38,6772.669921875
2025-01-05 09:24:38,6748.68017578125
2025-01-05 09:25:38,6816.93017578125
2025-01-05 09:26:38,6938.31005859375
2025-01-05 09:27:39,7033.419921875
2025-01-05 09:28:38,7025.93994140625
2025-01-05 09:29:38,7078.9501953125
2025-01-05 09:30:38,7160.43994140625
2025-01-05 09:31:39,7216
2025-01-05 09:32:38,7204.81005859375
2025-01-05 09:33:38,7236.7099609375
2025-01-05 09:34:39,7329.47998046875
2025-01-05 09:35:39,6974.83984375
2025-01-05 09:36:37,7402.35009765625
2025-01-05 09:37:39,7425.72021484375
2025-01-05 09:38:39,7550.14013671875
2025-01-05 09:39:37,7598.97021484375
2025-01-05 09:40:38,7593.91015625
2025-01-05 09:41:38,7655.22021484375
2025-01-05 09:42:39,7691.18017578125
2025-01-05 09:43:39,7720.35009765625
2025-01-05 09:44:38,7766.31005859375
2025-01-05 09:45:39,7790.33984375
2025-01-05 09:46:38,7818.10009765625
2025-01-05 09:47:37,7884.8798828125
2025-01-05 09:48:39,7935.16015625
2025-01-05 09:49:38,7921.83984375
2025-01-05 09:50:38,7962.77978515625
2025-01-05 09:51:38,8010.81982421875
2025-01-05 09:52:38,8058.22021484375
2025-01-05 09:53:38,8052.47021484375
2025-01-05 09:54:39,8101
2025-01-05 09:55:38,8093.5
2025-01-05 09:56:39,8169.47021484375
2025-01-05 09:57:39,8001.64013671875
2025-01-05 09:58:38,8133.419921875
2025-01-05 09:59:37,8340.0498046875
2025-01-05 10:00:39,8304.2802734375
2025-01-05 10:01:38,8236.58984375
2025-01-05 10:02:39,8211.1796875
2025-01-05 10:03:38,8447.0703125
2025-01-05 10:04:37,7770.97998046875
2025-01-05 10:05:39,8654.150390625
2025-01-05 10:06:38,8709.08984375
2025-01-05 10:07:39,8677.3896484375
2025-01-05 10:08:38,8694.509765625
2025-01-05 10:09:38,8708.5400390625
2025-01-05 10:10:39,8722.5498046875
2025-01-05 10:11:37,8760.009765625
2025-01-05 10:12:39,8828.48046875
2025-01-05 10:13:39,8912.08984375
2025-01-05 10:14:38,8942.3095703125
2025-01-05 10:15:38,8936.5498046875
2025-01-05 10:16:38,8909
2025-01-05 10:17:38,8918.919921875
2025-01-05 10:18:39,8986.6103515625
2025-01-05 10:19:37,8998.669921875
2025-01-05 10:20:38,9077.2802734375
2025-01-05 10:21:39,7933.080078125
2025-01-05 10:22:38,8354.4697265625
2025-01-05 10:23:39,8472.4296875
2025-01-05 10:24:38,8911.33984375
2025-01-05 10:25:38,8079.60009765625
2025-01-05 10:26:38,9035.51953125
2025-01-05 10:27:38,9200.16015625
2025-01-05 10:28:38,9390.169921875
2025-01-05 10:29:38,9487.0703125
2025-01-05 10:30:38,9466.1396484375
2025-01-05 10:31:39,9369.830078125
2025-01-05 10:32:38,9027
2025-01-05 10:33:38,8681.4501953125
2025-01-05 10:34:39,8903.8095703125
2025-01-05 10:35:38,7926.83984375
2025-01-05 10:36:38,8308.740234375
2025-01-05 10:37:38,6808.740234375
2025-01-05 10:38:38,6872.68017578125
2025-01-05 10:39:38,4699.490234375
2025-01-05 10:40:39,3094.7099609375
2025-01-05 10:41:39,4286.509765625
2025-01-05 10:42:38,5851.330078125
2025-01-05 10:43:37,5823.7099609375
2025-01-05 10:44:38,6438.25
2025-01-05 10:45:39,8697.7099609375
2025-01-05 10:46:37,8634.1796875
2025-01-05 10:47:38,9691.5400390625
2025-01-05 10:48:38,10448.73046875
2025-01-05 10:49:39,10549.830078125
2025-01-05 10:50:39,10661.8203125
2025-01-05 10:51:37,10793.2197265625
2025-01-05 10:52:38,10874.349609375
2025-01-05 10:53:39,10853.3203125
2025-01-05 10:54:39,10600.830078125
2025-01-05 10:55:38,8997.8603515625
2025-01-05 10:56:37,7148.91015625
2025-01-05 10:57:38,4497.1298828125
2025-01-05 10:58:39,4118.47998046875
2025-01-05 10:59:37,5014.9599609375
2025-01-05 11:00:39,6259.8798828125
2025-01-05 11:01:39,7025.240234375
2025-01-05 11:02:38,6347.08984375
2025-01-05 11:03:39,5952.02001953125
2025-01-05 11:04:38,7410.759765625
2025-01-05 11:05:38,9746.2197265625
2025-01-05 11:06:38,10882.349609375
2025-01-05 11:07:38,11043.23046875
2025-01-05 11:08:38,10496.2197265625
2025-01-05 11:09:39,9071.8603515625
2025-01-05 11:10:38,8476.7900390625
2025-01-05 11:11:39,9339.7099609375
2025-01-05 11:12:38,10381.2197265625
2025-01-05 11:13:38,11000.509765625
2025-01-05 11:14:39,11047.1396484375
2025-01-05 11:15:38,11093.23046875
2025-01-05 11:16:38,11117.7001953125
2025-01-05 11:17:37,11046.25
2025-01-05 11:18:38,11085.1103515625
2025-01-05 11:19:38,11111.0703125
2025-01-05 11:20:39,11195.740234375
2025-01-05 11:21:38,10495.650390625
2025-01-05 11:22:37,10465.83984375
2025-01-05 11:23:38,11011.73046875
2025-01-05 11:24:39,11381.4697265625
2025-01-05 11:25:38,11490.580078125
2025-01-05 11:26:38,10376.669921875
2025-01-05 11:27:38,9650.7998046875
2025-01-05 11:28:38,9321.6201171875
2025-01-05 11:29:38,10965.51953125
2025-01-05 11:30:38,10891.8701171875
2025-01-05 11:31:38,10372.830078125
2025-01-05 11:32:38,11070.6796875
2025-01-05 11:33:39,11954.759765625
2025-01-05 11:34:37,12012.8798828125
2025-01-05 11:35:38,11076.6201171875
2025-01-05 11:36:38,10316.4404296875
2025-01-05 11:37:39,10943.5
2025-01-05 11:38:38,11175.6201171875
2025-01-05 11:39:37,10729.1796875
2025-01-05 11:40:37,8472.33984375
2025-01-05 11:41:39,8465.6103515625
2025-01-05 11:42:38,8158.2900390625
2025-01-05 11:43:38,8835.1201171875
2025-01-05 11:44:39,9929.099609375
2025-01-05 11:45:39,9156.7900390625
2025-01-05 11:46:37,6661.39990234375
2025-01-05 11:47:38,5018.6298828125
2025-01-05 11:48:38,4752.89990234375
2025-01-05 11:49:39,5588.85986328125
2025-01-05 11:50:37,5707.7001953125
2025-01-05 11:51:38,6164.47998046875
2025-01-05 11:52:39,6632.990234375
2025-01-05 11:53:38,8289.9599609375
2025-01-05 11:54:38,9808.8203125
2025-01-05 11:55:39,8354.650390625
2025-01-05 11:56:38,6647.490234375
2025-01-05 11:57:37,6711.77978515625
2025-01-05 11:58:38,4893.58984375
2025-01-05 11:59:38,5152.35986328125
2025-01-05 12:00:40,7567.10009765625
2025-01-05 12:01:40,8968.740234375
2025-01-05 12:02:40,11200.669921875
2025-01-05 12:03:40,11529.330078125
2025-01-05 12:04:41,11548.349609375
2025-01-05 12:05:40,11654.5498046875
2025-01-05 12:06:41,11788.6396484375
2025-01-05 12:07:39,11721.419921875
2025-01-05 12:08:40,11890.5595703125
2025-01-05 12:09:41,11828.009765625
2025-01-05 12:10:41,11394.76953125
2025-01-05 12:11:40,10573.66015625
2025-01-05 12:12:41,8144.10009765625
2025-01-05 12:13:40,6381.830078125
2025-01-05 12:14:41,5672.31982421875
2025-01-05 12:15:41,5449.25
2025-01-05 12:16:40,6506.7001953125
2025-01-05 12:17:40,8695.7197265625
2025-01-05 12:18:42,11331.849609375
2025-01-05 12:19:40,11504.4697265625
2025-01-05 12:20:41,11429.66015625
2025-01-05 12:21:40,11190.66015625
2025-01-05 12:22:41,11515.0498046875
2025-01-05 12:23:41,11517.849609375
2025-01-05 12:24:40,11435.2998046875
2025-01-05 12:25:41,11465.1396484375
2025-01-05 12:26:40,11512.2099609375
2025-01-05 12:27:40,11404.580078125
2025-01-05 12:28:41,10989.0400390625
2025-01-05 12:29:40,9072.8603515625
2025-01-05 12:30:40,8038.2099609375
2025-01-05 12:31:42,8978.7998046875
2025-01-05 12:32:41,6293.56005859375
2025-01-05 12:33:40,6225.35009765625
2025-01-05 12:34:41,7552.52978515625
2025-01-05 12:35:41,9627.7001953125
2025-01-05 12:36:39,10959.9296875
2025-01-05 12:37:41,11199.3095703125
2025-01-05 12:38:40,11319.240234375
2025-01-05 12:39:41,11272.51953125
2025-01-05 12:40:41,11162.8603515625
2025-01-05 12:41:41,11124.400390625
2025-01-05 12:42:40,11189.2197265625
2025-01-05 12:43:40,11310.75
2025-01-05 12:44:41,10708.3798828125
2025-01-05 12:45:41,9632.6103515625
2025-01-05 12:46:40,7916.60986328125
2025-01-05 12:47:40,5497
2025-01-05 12:48:42,3845.139892578125
2025-01-05 12:49:40,3689.320068359375
2025-01-05 12:50:40,5966.8798828125
2025-01-05 12:51:40,7726.169921875
2025-01-05 12:52:41,10845.099609375
2025-01-05 12:53:40,10453.650390625
2025-01-05 12:54:40,10524.23046875
2025-01-05 12:55:41,11196.349609375
2025-01-05 12:56:41,11367.7001953125
2025-01-05 12:57:41,11426.7900390625
2025-01-05 12:58:40,11390.830078125
2025-01-05 12:59:40,11317.1796875
2025-01-05 13:00:40,11189.349609375
2025-01-05 13:01:42,11043.150390625
2025-01-05 13:02:40,11008.7099609375
2025-01-05 13:03:40,11034.08984375
2025-01-05 13:04:41,11119.1904296875
2025-01-05 13:05:41,11162.0703125
2025-01-05 13:06:40,10758.8701171875
2025-01-05 13:07:40,9913.0703125
2025-01-05 13:08:41,9772.5
2025-01-05 13:09:39,9345.919921875
2025-01-05 13:10:40,6019.5498046875
2025-01-05 13:11:40,4681.31005859375
2025-01-05 13:12:40,3614.7099609375
2025-01-05 13:13:41,4420.8701171875
2025-01-05 13:14:40,6777.580078125
2025-01-05 13:15:41,9156.7001953125
2025-01-05 13:16:41,11075.2998046875
2025-01-05 13:17:40,10529.51953125
2025-01-05 13:18:40,9857.330078125
2025-01-05 13:19:40,8477.3095703125
2025-01-05 13:20:41,9490.400390625
2025-01-05 13:21:40,9238.0498046875
2025-01-05 13:22:40,9321.3203125
2025-01-05 13:23:41,10620.990234375
2025-01-05 13:24:41,10825.8203125
2025-01-05 13:25:40,11014.9404296875
2025-01-05 13:26:40,11011.2001953125
2025-01-05 13:27:41,10922.6796875
2025-01-05 13:28:40,10783.6201171875
2025-01-05 13:29:41,10296.8203125
2025-01-05 13:30:41,10565.2001953125
2025-01-05 13:31:40,10509.1396484375
2025-01-05 13:32:40,10571.349609375
2025-01-05 13:33:41,10606.2001953125
2025-01-05 13:34:41,10615.5703125
2025-01-05 13:35:40,10623.4404296875
2025-01-05 13:36:40,10452.25
2025-01-05 13:37:41,10262.599609375
2025-01-05 13:38:40,10369.91015625
2025-01-05 13:39:40,10513.26953125
2025-01-05 13:40:40,10679.98046875
2025-01-05 13:41:41,10746.51953125
2025-01-05 13:42:40,10667.5400390625
2025-01-05 13:43:41,10619.3896484375
2025-01-05 13:44:41,10275.6904296875
2025-01-05 13:45:41,10121.0400390625
2025-01-05 13:46:40,10109.9404296875
2025-01-05 13:47:40,9569.83984375
2025-01-05 13:48:40,10302.9296875
2025-01-05 13:49:41,10347.5302734375
2025-01-05 13:50:40,10392.0400390625
2025-01-05 13:51:40,10353.830078125
2025-01-05 13:52:42,10237.9404296875
2025-01-05 13:53:41,10152.490234375
2025-01-05 13:54:40,10044.01953125
2025-01-05 13:55:40,9776.6298828125
2025-01-05 13:56:41,10002.5703125
2025-01-05 13:57:40,10192.6904296875
2025-01-05 13:58:40,10271.3896484375
2025-01-05 13:59:41,10089.6201171875
2025-01-05 14:00:40,9859.740234375
2025-01-05 14:01:40,9611.23046875
2025-01-05 14:02:41,9588.099609375
2025-01-05 14:03:40,9266.6103515625
2025-01-05 14:04:41,9471.5595703125
2025-01-05 14:05:40,9504.9296875
2025-01-05 14:06:39,9314.7099609375
2025-01-05 14:07:41,9305.6201171875
2025-01-05 14:08:40,9473.2197265625
2025-01-05 14:09:40,9669.650390625
2025-01-05 14:10:41,9775.41015625
2025-01-05 14:11:40,9533.5400390625
2025-01-05 14:12:39,9454.349609375
2025-01-05 14:13:41,9458.759765625
2025-01-05 14:14:41,9679.25
2025-01-05 14:15:40,9785.2900390625
2025-01-05 14:16:40,9708.9501953125
2025-01-05 14:17:41,9621.6796875
2025-01-05 14:18:41,9499.169921875
2025-01-05 14:19:40,9470.2197265625
2025-01-05 14:20:39,9501.8603515625
2025-01-05 14:21:40,9391.0595703125
2025-01-05 14:22:40,9394.009765625
2025-01-05 14:23:40,9263.01953125
2025-01-05 14:24:40,9227.009765625
2025-01-05 14:25:40,9252.2998046875
2025-01-05 14:26:41,9216.01953125
2025-01-05 14:27:40,9187.759765625
2025-01-05 14:28:40,9183.2900390625
2025-01-05 14:29:41,9247
2025-01-05 14:30:41,9269.26953125
2025-01-05 14:31:40,9214.0302734375
2025-01-05 14:32:39,9173.7802734375
2025-01-05 14:33:41,9104.080078125
2025-01-05 14:34:41,9045.990234375
2025-01-05 14:35:40,9022.4404296875
2025-01-05 14:36:40,8705.7001953125
2025-01-05 14:37:41,8682.3603515625
2025-01-05 14:38:40,8524.5
2025-01-05 14:39:37,8499.6201171875
2025-01-05 14:40:40,8653.900390625
2025-01-05 14:41:41,8712.7802734375
2025-01-05 14:42:40,8705.5302734375
2025-01-05 14:43:39,8606.7998046875
2025-01-05 14:44:41,8501.2197265625
2025-01-05 14:45:41,8521.2197265625
2025-01-05 14:46:41,8582.7802734375
2025-01-05 14:47:41,8624.8896484375
2025-01-05 14:48:40,8563.5498046875
2025-01-05 14:49:40,8568.419921875
2025-01-05 14:50:41,8575.6396484375
2025-01-05 14:51:40,8534.2099609375
2025-01-05 14:52:40,8459.98046875
2025-01-05 14:53:41,8382.4599609375
2025-01-05 14:54:41,8306.240234375
2025-01-05 14:55:40,8123.43017578125
2025-01-05 14:56:40,7922.25
2025-01-05 14:57:40,7748.72021484375
2025-01-05 14:58:41,7799.66015625
2025-01-05 14:59:40,8002.759765625
2025-01-05 15:00:40,8002.47021484375
2025-01-05 15:01:41,7939.3701171875
2025-01-05 15:02:40,7868.97021484375
2025-01-05 15:03:41,7801.85009765625
2025-01-05 15:04:41,7755.43017578125
2025-01-05 15:05:40,7725.2900390625
2025-01-05 15:06:41,7692.91015625
2025-01-05 15:07:40,7561.2900390625
2025-01-05 15:08:41,7522.18017578125
2025-01-05 15:09:41,7423.2900390625
2025-01-05 15:10:40,7334.14013671875
2025-01-05 15:11:40,7279.97998046875
2025-01-05 15:12:41,7099.740234375
2025-01-05 15:13:40,6930.009765625
2025-01-05 15:14:40,6785.580078125
2025-01-05 15:15:40,6792.509765625
2025-01-05 15:16:41,7037.64990234375
2025-01-05 15:17:40,7065.3701171875
2025-01-05 15:18:40,7046.56982421875
2025-01-05 15:19:40,7155.1201171875
2025-01-05 15:20:40,7216.31005859375
2025-01-05 15:21:40,7169.259765625
2025-01-05 15:22:40,7037.5400390625
2025-01-05 15:23:39,6951.669921875
2025-01-05 15:24:40,6881.330078125
2025-01-05 15:25:40,6569.490234375
2025-01-05 15:26:40,5859.77978515625
2025-01-05 15:27:41,5305.31982421875
2025-01-05 15:28:40,6034.2900390625
2025-01-05 15:29:41,6296.77001953125
2025-01-05 15:30:41,6276.18017578125
2025-01-05 15:31:40,5966.64013671875
2025-01-05 15:32:40,5438.56005859375
2025-01-05 15:33:40,5897.240234375
2025-01-05 15:34:41,6206.2998046875
2025-01-05 15:35:41,6416.2998046875
2025-01-05 15:36:40,6461.330078125
2025-01-05 15:37:40,6416.47998046875
2025-01-05 15:38:40,6316.52978515625
2025-01-05 15:39:40,6203.0400390625
2025-01-05 15:40:41,6126.97998046875
2025-01-05 15:41:40,6105.830078125
2025-01-05 15:42:41,6117.259765625
2025-01-05 15:43:40,6153.97021484375
2025-01-05 15:44:40,6167.740234375
2025-01-05 15:45:40,6080.509765625
2025-01-05 15:46:41,5965.419921875
2025-01-05 15:47:41,5904.3798828125
2025-01-05 15:48:40,5866.14013671875
2025-01-05 15:49:40,5837.14990234375
2025-01-05 15:50:40,5781.7001953125
2025-01-05 15:51:40,5697.4501953125
2025-01-05 15:52:40,5598.60986328125
2025-01-05 15:53:41,5612.64990234375
2025-01-05 15:54:39,5626.27978515625
2025-01-05 15:55:41,5648.72998046875
2025-01-05 15:56:40,5610.830078125
2025-01-05 15:57:40,5549
2025-01-05 15:58:41,5509.10986328125
2025-01-05 15:59:40,5460.35009765625
2025-01-05 16:00:40,5392.02001953125
2025-01-05 16:01:40,5311.68994140625
2025-01-05 16:02:40,5225.47021484375
2025-01-05 16:03:41,5117.830078125
2025-01-05 16:04:40,5083.490234375
2025-01-05 16:05:40,5057.08984375
2025-01-05 16:06:40,5039.27001953125
2025-01-05 16:07:40,4963.419921875
2025-01-05 16:08:41,4847.7998046875
2025-01-05 16:09:41,4674.47021484375
2025-01-05 16:10:40,4493.6201171875
2025-01-05 16:11:41,4273.5
2025-01-05 16:12:40,4286.31982421875
2025-01-05 16:13:40,4287.83984375
2025-01-05 16:14:39,4336.1201171875
2025-01-05 16:15:40,4360.27978515625
2025-01-05 16:16:40,4316.509765625
2025-01-05 16:17:40,4229.240234375
2025-01-05 16:18:41,4044.219970703125
2025-01-05 16:19:40,3856.919921875
2025-01-05 16:20:40,3654.590087890625
2025-01-05 16:21:40,3511.77001953125
2025-01-05 16:22:41,3452.219970703125
2025-01-05 16:23:40,3453.89990234375
2025-01-05 16:24:40,3288.889892578125
2025-01-05 16:25:40,3242.929931640625
2025-01-05 16:26:41,3213.419921875
2025-01-05 16:27:39,3345.239990234375
2025-01-05 16:28:40,3407.780029296875
2025-01-05 16:29:41,3361.739990234375
2025-01-05 16:30:40,3301.110107421875
2025-01-05 16:31:41,3261.550048828125
2025-01-05 16:32:40,3242.219970703125
2025-01-05 16:33:40,3225.929931640625
2025-01-05 16:34:41,3209.030029296875
2025-01-05 16:35:40,3192.489990234375
2025-01-05 16:36:41,3162.389892578125
2025-01-05 16:37:41,3116.919921875
2025-01-05 16:38:40,3069.840087890625
2025-01-05 16:39:39,3034.860107421875
2025-01-05 16:40:41,3001.909912109375
2025-01-05 16:41:40,2971.989990234375
2025-01-05 16:42:40,2931.4599609375
2025-01-05 16:43:41,2884.0400390625
2025-01-05 16:44:40,2814.31005859375
2025-01-05 16:45:40,2767.530029296875
2025-01-05 16:46:41,2703.6201171875
2025-01-05 16:47:40,2633.919921875
2025-01-05 16:48:40,2576.320068359375
2025-01-05 16:49:40,2527.669921875
2025-01-05 16:50:40,2478.889892578125
2025-01-05 16:51:40,2420.169921875
2025-01-05 16:52:41,2357.090087890625
2025-01-05 16:53:41,2280.6201171875
2025-01-05 16:54:39,2197.159912109375
2025-01-05 16:55:40,2145.340087890625
2025-01-05 16:56:41,2116.75
2025-01-05 16:57:40,2111.820068359375
2025-01-05 16:58:41,2103.22998046875
2025-01-05 16:59:40,2056.610107421875
2025-01-05 17:00:40,1993.3900146484375
2025-01-05 17:01:41,1923.75
2025-01-05 17:02:41,1855.9100341796875
2025-01-05 17:03:40,1791.010009765625
2025-01-05 17:04:41,1725.18994140625
2025-01-05 17:05:41,1675.5799560546875
2025-01-05 17:06:41,1629.9100341796875
2025-01-05 17:07:40,1577.22998046875
2025-01-05 17:08:40,1527.780029296875
2025-01-05 17:09:40,1478.3699951171875
2025-01-05 17:10:40,1432.0999755859375
2025-01-05 17:11:40,1391.530029296875
2025-01-05 17:12:41,1356.06005859375
2025-01-05 17:13:39,1318.43994140625
2025-01-05 17:14:40,1278.4200439453125
2025-01-05 17:15:41,1246.510009765625
2025-01-05 17:16:40,1216.3199462890625
2025-01-05 17:17:39,1181.3599853515625
2025-01-05 17:18:41,1143.9599609375
2025-01-05 17:19:40,1107.9300537109375
2025-01-05 17:20:39,1071.8800048828125
2025-01-05 17:21:41,1037.77001953125
2025-01-05 17:22:40,1000.6500244140625
2025-01-05 17:23:40,957.280029296875
2025-01-05 17:24:41,915.02001953125
2025-01-05 17:25:40,877.0599975585938
2025-01-05 17:26:40,844.280029296875
2025-01-05 17:27:41,812.7000122070312
2025-01-05 17:28:40,781.3400268554688
2025-01-05 17:29:41,751.6400146484375
2025-01-05 17:30:41,726.47998046875
2025-01-05 17:31:40,703.3699951171875
2025-01-05 17:32:39,677.27001953125
2025-01-05 17:33:41,650.989990234375
2025-01-05 17:34:40,625.9600219726562
2025-01-05 17:35:39,600.5599975585938
2025-01-05 17:36:41,571.1599731445312
2025-01-05 17:37:40,541.3800048828125
2025-01-05 17:38:39,512.8099975585938
2025-01-05 17:39:41,489.3800048828125
2025-01-05 17:40:40,470.5799865722656
2025-01-05 17:41:40,449.42999267578125
2025-01-05 17:42:40,427.8399963378906
2025-01-05 17:43:40,405.3999938964844
2025-01-05 17:44:40,386.0799865722656
2025-01-05 17:45:41,368.1300048828125
2025-01-05 17:46:40,348.7900085449219
2025-01-05 17:47:40,329.1199951171875
2025-01-05 17:48:41,308.2099914550781
2025-01-05 17:49:40,288.9700012207031
2025-01-05 17:50:40,270.8900146484375
2025-01-05 17:51:40,252.4499969482422
2025-01-05 17:52:40,234.49000549316406
2025-01-05 17:53:40,216.3000030517578
2025-01-05 17:54:40,199.16000366210938
2025-01-05 17:55:40,182.22999572753906
2025-01-05 17:56:41,165.0500030517578
2025-01-05 17:57:40,149.42999267578125
2025-01-05 17:58:40,134.61000061035156
2025-01-05 17:59:39,120.19999694824219
2025-01-05 18:00:41,107.33000183105469
2025-01-05 18:01:41,94.47000122070312
2025-01-05 18:02:40,83.91000366210938
2025-01-05 18:03:40,73.55000305175781
2025-01-05 18:04:40,64.19999694824219
2025-01-05 18:05:41,55.09000015258789
2025-01-05 18:06:40,46.630001068115234
2025-01-05 18:07:40,38.349998474121094
2025-01-05 18:08:40,31.059999465942383
2025-01-05 18:09:40,24.489999771118164
2025-01-05 18:10:41,18.899999618530273
2025-01-05 18:11:40,14.020000457763672
2025-01-05 18:12:40,10.199999809265137
2025-01-05 18:13:40,6.440000057220459
2025-01-05 18:14:40,2.4100000858306885
2025-01-05 18:15:40,-1.2799999713897705
2025-01-05 18:16:40,-4.980000019073486
2025-01-05 18:17:40,-9.8100004196167
2025-01-05 18:18:40,-11.920000076293945
2025-01-05 18:19:39,-13.680000305175781
2025-01-05 18:20:40,-15.399999618530273
2025-01-05 18:21:40,-16.56999969482422
2025-01-05 18:22:40,-21.450000762939453
2025-01-05 18:23:40,-23.15999984741211
2025-01-05 18:24:40,-24.690000534057617
2025-01-05 18:25:40,-26.25
2025-01-05 18:26:40,-27.549999237060547
2025-01-05 18:27:39,-28.1299991607666
2025-01-05 18:28:41,-28.670000076293945
2025-01-05 18:29:40,-28.510000228881836
2025-01-05 18:30:39,-28.860000610351562
2025-01-05 18:31:41,-28.3700008392334
2025-01-05 18:32:41,-28.65999984741211
2025-01-05 18:33:39,-28.770000457763672
2025-01-05 18:34:40,-28.170000076293945
2025-01-05 18:35:40,-22.860000610351562
2025-01-05 18:36:40,-14.739999771118164
2025-01-05 18:37:40,-13.869999885559082
2025-01-05 18:38:40,-13.859999656677246
2025-01-05 18:39:39,-13.899999618530273
2025-01-05 18:40:40,-13.65999984741211
2025-01-05 18:41:39,-13.4399995803833
2025-01-05 18:42:40,-13.539999961853027
2025-01-05 18:43:41,-15.069999694824219
2025-01-05 18:44:40,-15.239999771118164
2025-01-05 18:45:39,-15.319999694824219
2025-01-05 18:46:40,-15.1899995803833
2025-01-05 18:47:40,-15.34000015258789
2025-01-05 18:48:40,-15.210000038146973
2025-01-05 18:49:41,-15.40999984741211
2025-01-05 18:50:40,-15.510000228881836
2025-01-05 18:51:40,-15.4399995803833
2025-01-05 18:52:41,-15.449999809265137
2025-01-05 18:53:40,-15.390000343322754
2025-01-05 18:54:40,-15.34000015258789
2025-01-05 18:55:40,-15.489999771118164
2025-01-05 18:56:40,-15.550000190734863
2025-01-05 18:57:40,-15.449999809265137
2025-01-05 18:58:40,-15.489999771118164
2025-01-05 18:59:40,-15.510000228881836
2025-01-05 19:00:40,-15.489999771118164
2025-01-05 19:01:40,-15.609999656677246
2025-01-05 19:02:41,-15.430000305175781
2025-01-05 19:03:39,-15.510000228881836
2025-01-05 19:04:40,-15.59000015258789
2025-01-05 19:05:41,-15.510000228881836
2025-01-05 19:06:40,-15.630000114440918
2025-01-05 19:07:40,-15.460000038146973
2025-01-05 19:08:40,-15.510000228881836
2025-01-05 19:09:40,-15.630000114440918
2025-01-05 19:10:41,-15.6899995803833
2025-01-05 19:11:39,-15.520000457763672
2025-01-05 19:12:40,-15.649999618530273
2025-01-05 19:13:40,-15.720000267028809
2025-01-05 19:14:41,-15.609999656677246
2025-01-05 19:15:40,-15.229999542236328
2025-01-05 19:16:39,-15.130000114440918
2025-01-05 19:17:40,-15.109999656677246
2025-01-05 19:18:40,-15.09000015258789
2025-01-05 19:19:39,-15.09000015258789
2025-01-05 19:20:41,-15.25
2025-01-05 19:21:41,-15.149999618530273
2025-01-05 19:22:39,-15.3100004196167
2025-01-05 19:23:41,-15.420000076293945
2025-01-05 19:24:41,-15.34000015258789
2025-01-05 19:25:39,-15.170000076293945
2025-01-05 19:26:40,-15.25
2025-01-05 19:27:40,-15.430000305175781
2025-01-05 19:28:40,-15.380000114440918
2025-01-05 19:29:40,-15.279999732971191
2025-01-05 19:30:39,-15.100000381469727
2025-01-05 19:31:40,-15.260000228881836
2025-01-05 19:32:38,-15.420000076293945
2025-01-05 19:33:40,-15.5600004196167
2025-01-05 19:34:39,-15.319999694824219
2025-01-05 19:35:41,-15.40999984741211
2025-01-05 19:36:40,-15.359999656677246
2025-01-05 19:37:40,-15.470000267028809
2025-01-05 19:38:39,-15.34000015258789
2025-01-05 19:39:40,-15.399999618530273
2025-01-05 19:40:41,-15.289999961853027
2025-01-05 19:41:40,-15.319999694824219
2025-01-05 19:42:41,-15.350000381469727
2025-01-05 19:43:40,-15.449999809265137
2025-01-05 19:44:40,-15.270000457763672
2025-01-05 19:45:40,-15.289999961853027
2025-01-05 19:46:41,-15.520000457763672
2025-01-05 19:47:40,-15.470000267028809
2025-01-05 19:48:39,-15.529999732971191
2025-01-05 19:49:41,-15.319999694824219
2025-01-05 19:50:40,-15.430000305175781
2025-01-05 19:51:39,-15.369999885559082
2025-01-05 19:52:41,-15.550000190734863
2025-01-05 19:53:40,-15.40999984741211
2025-01-05 19:54:40,-15.5
2025-01-05 19:55:40,-15.359999656677246
2025-01-05 19:56:40,-15.479999542236328
2025-01-05 19:57:41,-15.449999809265137
2025-01-05 19:58:40,-15.359999656677246
2025-01-05 19:59:39,-15.40999984741211
2025-01-05 20:00:40,-15.329999923706055
2025-01-05 20:01:40,-15.470000267028809
2025-01-05 20:02:40,-15.470000267028809
2025-01-05 20:03:40,-15.270000457763672
2025-01-05 20:04:40,-15.630000114440918
2025-01-05 20:05:40,-15.5600004196167
2025-01-05 20:06:40,-15.5
2025-01-05 20:07:40,-15.5
2025-01-05 20:08:40,-15.350000381469727
2025-01-05 20:09:40,-15.40999984741211
2025-01-05 20:10:39,-15.359999656677246
2025-01-05 20:11:41,-15.510000228881836
2025-01-05 20:12:40,-15.270000457763672
2025-01-05 20:13:39,-15.529999732971191
2025-01-05 20:14:40,-15.449999809265137
2025-01-05 20:15:41,-15.279999732971191
2025-01-05 20:16:39,-15.079999923706055
2025-01-05 20:17:40,-15.460000038146973
2025-01-05 20:18:41,-15.34000015258789
2025-01-05 20:19:40,-15.430000305175781
2025-01-05 20:20:39,-15.539999961853027
2025-01-05 20:21:40,-15.300000190734863
2025-01-05 20:22:40,-15.270000457763672
2025-01-05 20:23:41,-15.130000114440918
2025-01-05 20:24:40,-15.1899995803833
2025-01-05 20:25:39,-15.039999961853027
2025-01-05 20:26:41,-14.84000015258789
2025-01-05 20:27:40,-15.260000228881836
2025-01-05 20:28:39,-15.039999961853027
2025-01-05 20:29:40,-15
2025-01-05 20:30:40,-15.220000267028809
2025-01-05 20:31:39,-15.3100004196167
2025-01-05 20:32:41,-15.449999809265137
2025-01-05 20:33:40,-15.470000267028809
2025-01-05 20:34:39,-15.119999885559082
2025-01-05 20:35:41,-15.229999542236328
2025-01-05 20:36:40,-15.380000114440918
2025-01-05 20:37:40,-15.109999656677246
2025-01-05 20:38:39,-15.359999656677246
2025-01-05 20:39:40,-15.300000190734863
2025-01-05 20:40:41,-15.350000381469727
2025-01-05 20:41:39,-15.25
2025-01-05 20:42:40,-14.979999542236328
2025-01-05 20:43:41,-15.140000343322754
2025-01-05 20:44:40,-15.3100004196167
2025-01-05 20:45:39,-15.460000038146973
2025-01-05 20:46:41,-15.039999961853027
2025-01-05 20:47:40,-15.050000190734863
2025-01-05 20:48:40,-15.210000038146973
2025-01-05 20:49:39,-15.369999885559082
2025-01-05 20:50:40,-15.260000228881836
2025-01-05 20:51:41,-15.4399995803833
2025-01-05 20:52:39,-15.289999961853027
2025-01-05 20:53:40,-15.180000305175781
2025-01-05 20:54:40,-15.210000038146973
2025-01-05 20:55:39,-15.210000038146973
2025-01-05 20:56:40,-15.329999923706055
2025-01-05 20:57:39,-15.289999961853027
2025-01-05 20:58:41,-15.359999656677246
2025-01-05 20:59:40,-15.039999961853027
2025-01-05 21:00:39,-15.279999732971191
2025-01-05 21:01:41,-15.289999961853027
2025-01-05 21:02:41,-15.239999771118164
2025-01-05 21:03:39,-15.430000305175781
2025-01-05 21:04:39,-15.300000190734863
2025-01-05 21:05:40,-15.289999961853027
2025-01-05 21:06:40,-15.550000190734863
2025-01-05 21:07:40,-15.510000228881836
2025-01-05 21:08:40,-15.4399995803833
2025-01-05 21:09:40,-15.460000038146973
2025-01-05 21:10:41,-15.3100004196167
2025-01-05 21:11:39,-15.390000343322754
2025-01-05 21:12:40,-15.039999961853027
2025-01-05 21:13:41,-15.520000457763672
2025-01-05 21:14:40,-15.260000228881836
2025-01-05 21:15:40,-15.520000457763672
2025-01-05 21:16:41,-15.420000076293945
2025-01-05 21:17:40,-15.430000305175781
2025-01-05 21:18:39,-15.369999885559082
2025-01-05 21:19:40,-15.489999771118164
2025-01-05 21:20:40,-15.619999885559082
2025-01-05 21:21:41,-15.279999732971191
2025-01-05 21:22:39,-15.489999771118164
2025-01-05 21:23:40,-15.489999771118164
2025-01-05 21:24:40,-15.420000076293945
2025-01-05 21:25:39,-15.5
2025-01-05 21:26:40,-15.680000305175781
2025-01-05 21:27:39,-15.34000015258789
2025-01-05 21:28:40,-15.539999961853027
2025-01-05 21:29:40,-15.489999771118164
2025-01-05 21:30:40,-15.609999656677246
2025-01-05 21:31:40,-15.479999542236328
2025-01-05 21:32:40,-15.699999809265137
2025-01-05 21:33:40,-15.670000076293945
2025-01-05 21:34:40,-15.760000228881836
2025-01-05 21:35:40,-15.8100004196167
2025-01-05 21:36:40,-15.699999809265137
2025-01-05 21:37:39,-15.699999809265137
2025-01-05 21:38:41,-15.479999542236328
2025-01-05 21:39:39,-15.5600004196167
2025-01-05 21:40:39,-15.779999732971191
2025-01-05 21:41:41,-15.640000343322754
2025-01-05 21:42:40,-15.5
2025-01-05 21:43:40,-15.5
2025-01-05 21:44:40,-15.529999732971191
2025-01-05 21:45:40,-15.510000228881836
2025-01-05 21:46:39,-15.630000114440918
2025-01-05 21:47:40,-15.640000343322754
2025-01-05 21:48:41,-15.640000343322754
2025-01-05 21:49:40,-15.609999656677246
2025-01-05 21:50:39,-15.899999618530273
2025-01-05 21:51:41,-15.630000114440918
2025-01-05 21:52:40,-15.59000015258789
2025-01-05 21:53:40,-15.630000114440918
2025-01-05 21:54:39,-15.609999656677246
2025-01-05 21:55:40,-15.600000381469727
2025-01-05 21:56:40,-15.739999771118164
2025-01-05 21:57:40,-15.59000015258789
2025-01-05 21:58:40,-15.8100004196167
2025-01-05 21:59:40,-15.539999961853027
2025-01-05 22:00:40,-15.479999542236328
2025-01-05 22:01:39,-15.760000228881836
2025-01-05 22:02:40,-15.649999618530273
2025-01-05 22:03:40,-15.619999885559082
2025-01-05 22:04:40,-15.729999542236328
2025-01-05 22:05:40,-15.649999618530273
2025-01-05 22:06:40,-15.520000457763672
2025-01-05 22:07:40,-15.539999961853027
2025-01-05 22:08:40,-15.779999732971191
2025-01-05 22:09:40,-15.770000457763672
2025-01-05 22:10:40,-15.630000114440918
2025-01-05 22:11:39,-15.609999656677246
2025-01-05 22:12:40,-15.550000190734863
2025-01-05 22:13:41,-15.649999618530273
2025-01-05 22:14:40,-15.600000381469727
2025-01-05 22:15:40,-15.779999732971191
2025-01-05 22:16:40,-15.779999732971191
2025-01-05 22:17:39,-15.65999984741211
2025-01-05 22:18:40,-15.529999732971191
2025-01-05 22:19:39,-15.619999885559082
2025-01-05 22:20:40,-15.550000190734863
2025-01-05 22:21:40,-15.5600004196167
2025-01-05 22:22:38,-15.539999961853027
2025-01-05 22:23:41,-15.65999984741211
2025-01-05 22:24:40,-15.829999923706055
2025-01-05 22:25:39,-15.770000457763672
2025-01-05 22:26:40,-15.819999694824219
2025-01-05 22:27:40,-15.630000114440918
2025-01-05 22:28:40,-15.619999885559082
2025-01-05 22:29:40,-15.640000343322754
2025-01-05 22:30:40,-15.609999656677246
2025-01-05 22:31:40,-15.680000305175781
2025-01-05 22:32:39,-15.5600004196167
2025-01-05 22:33:39,-15.640000343322754
2025-01-05 22:34:40,-15.619999885559082
2025-01-05 22:35:40,-15.800000190734863
2025-01-05 22:36:40,-15.600000381469727
2025-01-05 22:37:40,-15.739999771118164
2025-01-05 22:38:40,-15.6899995803833
2025-01-05 22:39:40,-15.720000267028809
2025-01-05 22:40:39,-15.619999885559082
2025-01-05 22:41:39,-15.760000228881836
2025-01-05 22:42:41,-15.8100004196167
2025-01-05 22:43:40,-15.760000228881836
2025-01-05 22:44:39,-15.779999732971191
2025-01-05 22:45:39,-15.539999961853027
2025-01-05 22:46:40,-15.739999771118164
2025-01-05 22:47:41,-15.819999694824219
2025-01-05 22:48:39,-15.699999809265137
2025-01-05 22:49:40,-15.920000076293945
2025-01-05 22:50:39,-15.710000038146973
2025-01-05 22:51:40,-15.829999923706055
2025-01-05 22:52:39,-15.729999542236328
2025-01-05 22:53:40,-15.789999961853027
2025-01-05 22:54:40,-15.539999961853027
2025-01-05 22:55:39,-15.869999885559082
2025-01-05 22:56:40,-15.920000076293945
2025-01-05 22:57:40,-15.5600004196167
2025-01-05 22:58:40,-15.859999656677246
2025-01-05 22:59:40,-15.729999542236328
2025-01-05 23:00:39,-15.979999542236328
2025-01-05 23:01:40,-15.789999961853027
2025-01-05 23:02:40,-15.9399995803833
2025-01-05 23:03:40,-16.040000915527344
2025-01-05 23:04:39,-15.899999618530273
2025-01-05 23:05:40,-16.020000457763672
2025-01-05 23:06:40,-15.760000228881836
2025-01-05 23:07:40,-15.90999984741211
2025-01-05 23:08:40,-15.720000267028809
2025-01-05 23:09:40,-15.619999885559082
2025-01-05 23:10:40,-15.930000305175781
2025-01-05 23:11:39,-15.829999923706055
2025-01-05 23:12:40,-16.010000228881836
2025-01-05 23:13:40,-15.930000305175781
2025-01-05 23:14:39,-16.010000228881836
2025-01-05 23:15:40,-15.989999771118164
2025-01-05 23:16:41,-15.890000343322754
2025-01-05 23:17:40,-15.989999771118164
2025-01-05 23:18:39,-15.960000038146973
2025-01-05 23:19:39,-15.819999694824219
2025-01-05 23:20:40,-15.899999618530273
2025-01-05 23:21:41,-15.869999885559082
2025-01-05 23:22:39,-15.949999809265137
2025-01-05 23:23:39,-15.65999984741211
2025-01-05 23:24:41,-15.869999885559082
2025-01-05 23:25:39,-15.75
2025-01-05 23:26:39,-16.09000015258789
2025-01-05 23:27:40,-15.960000038146973
2025-01-05 23:28:40,-16.1200008392334
2025-01-05 23:29:39,-15.930000305175781
2025-01-05 23:30:39,-15.899999618530273
2025-01-05 23:31:40,-15.989999771118164
2025-01-05 23:32:41,-15.630000114440918
2025-01-05 23:33:40,-15.720000267028809
2025-01-05 23:34:39,-15.779999732971191
2025-01-05 23:35:40,-16.06999969482422
2025-01-05 23:36:40,-15.930000305175781
2025-01-05 23:37:40,-15.90999984741211
2025-01-05 23:38:40,-15.890000343322754
2025-01-05 23:39:40,-15.770000457763672
2025-01-05 23:40:40,-15.609999656677246
2025-01-05 23:41:37,-15.800000190734863
2025-01-05 23:42:40,-15.899999618530273
2025-01-05 23:43:41,-15.770000457763672
2025-01-05 23:44:40,-15.729999542236328
2025-01-05 23:45:39,-15.880000114440918
2025-01-05 23:46:39,-15.930000305175781
2025-01-05 23:47:39,-15.819999694824219
2025-01-05 23:48:40,-15.789999961853027
2025-01-05 23:49:40,-15.819999694824219
2025-01-05 23:50:40,-15.779999732971191
2025-01-05 23:51:40,-15.640000343322754
2025-01-05 23:52:40,-15.729999542236328
2025-01-05 23:53:40,-15.670000076293945
2025-01-05 23:54:39,-15.720000267028809
2025-01-05 23:55:39,-15.550000190734863
2025-01-05 23:56:39,-15.59000015258789
2025-01-05 23:57:39,-15.649999618530273
2025-01-05 23:58:40,-15.579999923706055
2025-01-05 23:59:40,-15.779999732971191