Date_Time,POA1_IRR,ACTIVE_POWER
2025-01-10 00:00:41,-1,-15.510000228881836
2025-01-10 00:01:40,-1,-15.539999961853027
2025-01-10 00:02:41,-1,-15.529999732971191
2025-01-10 00:03:41,-1,-15.430000305175781
2025-01-10 00:04:41,-1,-15.319999694824219
2025-01-10 00:05:41,-2,-15.640000343322754
2025-01-10 00:06:41,-2,-15.350000381469727
2025-01-10 00:07:42,-2,-15.40999984741211
2025-01-10 00:08:41,-2,-15.470000267028809
2025-01-10 00:09:40,-2,-15.59000015258789
2025-01-10 00:10:42,-2,-15.300000190734863
2025-01-10 00:11:40,-2,-15.260000228881836
2025-01-10 00:12:41,-2,-15.5600004196167
2025-01-10 00:13:41,-2,-15.420000076293945
2025-01-10 00:14:41,-2,-15.329999923706055
2025-01-10 00:15:41,-2,-15.34000015258789
2025-01-10 00:16:41,-2,-15.3100004196167
2025-01-10 00:17:41,-2,-15.3100004196167
2025-01-10 00:18:41,-2,-15.460000038146973
2025-01-10 00:19:41,-2,-15.600000381469727
2025-01-10 00:20:41,-2,-15.569999694824219
2025-01-10 00:21:41,-2,-15.319999694824219
2025-01-10 00:22:40,-2,-15.470000267028809
2025-01-10 00:23:41,-2,-15.329999923706055
2025-01-10 00:24:41,-2,-15.539999961853027
2025-01-10 00:25:41,-2,-15.609999656677246
2025-01-10 00:26:41,-2,-15.460000038146973
2025-01-10 00:27:41,-2,-15.550000190734863
2025-01-10 00:28:42,-2,-15.479999542236328
2025-01-10 00:29:39,-2,-15.510000228881836
2025-01-10 00:30:41,-2,-15.359999656677246
2025-01-10 00:31:42,-2,-15.260000228881836
2025-01-10 00:32:40,-2,-15.369999885559082
2025-01-10 00:33:41,-2,-15.300000190734863
2025-01-10 00:34:41,-2,-15.119999885559082
2025-01-10 00:35:42,-2,-15.380000114440918
2025-01-10 00:36:40,-2,-15.270000457763672
2025-01-10 00:37:40,-2,-15.390000343322754
2025-01-10 00:38:42,-2,-15.390000343322754
2025-01-10 00:39:40,-2,-15.489999771118164
2025-01-10 00:40:41,-2,-15.470000267028809
2025-01-10 00:41:41,-2,-15.289999961853027
2025-01-10 00:42:41,-2,-15.289999961853027
2025-01-10 00:43:41,-2,-15.210000038146973
2025-01-10 00:44:40,-2,-15.529999732971191
2025-01-10 00:45:41,-2,-15.350000381469727
2025-01-10 00:46:41,-2,-15.260000228881836
2025-01-10 00:47:41,-2,-15.5600004196167
2025-01-10 00:48:41,-2,-15.430000305175781
2025-01-10 00:49:41,-2,-15.5
2025-01-10 00:50:42,-2,-15.470000267028809
2025-01-10 00:51:41,-2,-15.359999656677246
2025-01-10 00:52:41,-2,-15.489999771118164
2025-01-10 00:53:41,-2,-15.479999542236328
2025-01-10 00:54:41,-2,-15.279999732971191
2025-01-10 00:55:40,-2,-15.470000267028809
2025-01-10 00:56:42,-2,-15.359999656677246
2025-01-10 00:57:40,-2,-15.449999809265137
2025-01-10 00:58:41,-2,-15.369999885559082
2025-01-10 00:59:40,-2,-15.760000228881836
2025-01-10 01:00:40,-2,-15.489999771118164
2025-01-10 01:01:41,-2,-15.420000076293945
2025-01-10 01:02:40,-2,-15.420000076293945
2025-01-10 01:03:41,-2,-15.380000114440918
2025-01-10 01:04:40,-2,-15.65999984741211
2025-01-10 01:05:41,-2,-15.359999656677246
2025-01-10 01:06:40,-2,-15.59000015258789
2025-01-10 01:07:41,-2,-15.529999732971191
2025-01-10 01:08:41,-1,-15.460000038146973
2025-01-10 01:09:40,-1,-15.649999618530273
2025-01-10 01:10:41,-1,-15.420000076293945
2025-01-10 01:11:42,-1,-15.649999618530273
2025-01-10 01:12:40,-2,-15.5600004196167
2025-01-10 01:13:41,-2,-15.479999542236328
2025-01-10 01:14:41,-2,-15.59000015258789
2025-01-10 01:15:41,-2,-15.520000457763672
2025-01-10 01:16:40,-2,-15.720000267028809
2025-01-10 01:17:40,-1,-15.449999809265137
2025-01-10 01:18:42,-1,-15.619999885559082
2025-01-10 01:19:41,-1,-15.470000267028809
2025-01-10 01:20:40,-1,-15.619999885559082
2025-01-10 01:21:41,-1,-15.460000038146973
2025-01-10 01:22:41,-1,-15.449999809265137
2025-01-10 01:23:41,-1,-15.630000114440918
2025-01-10 01:24:41,-1,-15.479999542236328
2025-01-10 01:25:41,-1,-15.40999984741211
2025-01-10 01:26:40,-1,-15.260000228881836
2025-01-10 01:27:40,-1,-15.699999809265137
2025-01-10 01:28:41,-1,-15.579999923706055
2025-01-10 01:29:41,-1,-15.609999656677246
2025-01-10 01:30:40,-1,-15.579999923706055
2025-01-10 01:31:41,-1,-15.579999923706055
2025-01-10 01:32:41,-1,-15.4399995803833
2025-01-10 01:33:40,-1,-15.4399995803833
2025-01-10 01:34:42,-1,-15.470000267028809
2025-01-10 01:35:40,-1,-15.569999694824219
2025-01-10 01:36:41,-1,-15.40999984741211
2025-01-10 01:37:41,-1,-15.420000076293945
2025-01-10 01:38:40,-1,-15.619999885559082
2025-01-10 01:39:41,-1,-15.600000381469727
2025-01-10 01:40:40,-1,-15.489999771118164
2025-01-10 01:41:42,-1,-15.529999732971191
2025-01-10 01:42:41,-1,-15.600000381469727
2025-01-10 01:43:41,-1,-15.390000343322754
2025-01-10 01:44:41,-1,-15.5600004196167
2025-01-10 01:45:41,-1,-15.539999961853027
2025-01-10 01:46:41,-1,-15.449999809265137
2025-01-10 01:47:40,-1,-15.619999885559082
2025-01-10 01:48:42,-1,-15.319999694824219
2025-01-10 01:49:40,-1,-15.380000114440918
2025-01-10 01:50:41,-1,-15.619999885559082
2025-01-10 01:51:42,-1,-15.640000343322754
2025-01-10 01:52:41,-1,-15.579999923706055
2025-01-10 01:53:42,-1,-15.609999656677246
2025-01-10 01:54:41,-1,-15.640000343322754
2025-01-10 01:55:41,-1,-15.510000228881836
2025-01-10 01:56:41,-1,-15.539999961853027
2025-01-10 01:57:40,-1,-15.529999732971191
2025-01-10 01:58:42,-1,-15.430000305175781
2025-01-10 01:59:41,-1,-15.65999984741211
2025-01-10 02:00:39,-1,-15.520000457763672
2025-01-10 02:01:42,-1,-15.779999732971191
2025-01-10 02:02:41,-1,-15.550000190734863
2025-01-10 02:03:41,-1,-15.800000190734863
2025-01-10 02:04:40,-1,-15.789999961853027
2025-01-10 02:05:41,-1,-15.390000343322754
2025-01-10 02:06:41,-1,-15.670000076293945
2025-01-10 02:07:40,-1,-15.600000381469727
2025-01-10 02:08:42,-1,-15.619999885559082
2025-01-10 02:09:41,-1,-15.479999542236328
2025-01-10 02:10:41,-1,-15.760000228881836
2025-01-10 02:11:40,-1,-15.460000038146973
2025-01-10 02:12:41,-1,-15.539999961853027
2025-01-10 02:13:41,-1,-15.460000038146973
2025-01-10 02:14:40,-1,-15.619999885559082
2025-01-10 02:15:41,-1,-15.520000457763672
2025-01-10 02:16:41,-1,-15.8100004196167
2025-01-10 02:17:41,-1,-15.600000381469727
2025-01-10 02:18:41,-1,-15.649999618530273
2025-01-10 02:19:41,-1,-15.6899995803833
2025-01-10 02:20:41,-1,-15.609999656677246
2025-01-10 02:21:41,-1,-15.720000267028809
2025-01-10 02:22:41,-1,-15.640000343322754
2025-01-10 02:23:40,-1,-15.430000305175781
2025-01-10 02:24:41,-1,-15.779999732971191
2025-01-10 02:25:40,-1,-15.5600004196167
2025-01-10 02:26:41,-1,-15.529999732971191
2025-01-10 02:27:42,-1,-15.8100004196167
2025-01-10 02:28:40,-1,-15.5
2025-01-10 02:29:41,-1,-15.770000457763672
2025-01-10 02:30:40,-1,-15.890000343322754
2025-01-10 02:31:41,-1,-15.6899995803833
2025-01-10 02:32:41,-1,-15.479999542236328
2025-01-10 02:33:40,-1,-15.449999809265137
2025-01-10 02:34:42,-1,-15.65999984741211
2025-01-10 02:35:41,-1,-15.760000228881836
2025-01-10 02:36:40,-2,-15.59000015258789
2025-01-10 02:37:40,-2,-15.6899995803833
2025-01-10 02:38:41,-2,-15.619999885559082
2025-01-10 02:39:41,-1,-15.75
2025-01-10 02:40:40,-1,-15.800000190734863
2025-01-10 02:41:41,-1,-15.579999923706055
2025-01-10 02:42:41,-1,-15.6899995803833
2025-01-10 02:43:40,-1,-15.5
2025-01-10 02:44:41,-2,-15.5
2025-01-10 02:45:41,-2,-15.720000267028809
2025-01-10 02:46:41,-2,-15.699999809265137
2025-01-10 02:47:40,-1,-15.619999885559082
2025-01-10 02:48:41,-2,-15.65999984741211
2025-01-10 02:49:41,-1,-15.550000190734863
2025-01-10 02:50:40,-2,-15.729999542236328
2025-01-10 02:51:42,-2,-15.59000015258789
2025-01-10 02:52:41,-2,-15.800000190734863
2025-01-10 02:53:40,-2,-15.529999732971191
2025-01-10 02:54:41,-2,-15.4399995803833
2025-01-10 02:55:41,-2,-15.670000076293945
2025-01-10 02:56:41,-1,-15.5
2025-01-10 02:57:41,-1,-15.550000190734863
2025-01-10 02:58:41,-1,-15.739999771118164
2025-01-10 02:59:41,-1,-15.670000076293945
2025-01-10 03:00:40,-1,-15.680000305175781
2025-01-10 03:01:41,-1,-15.649999618530273
2025-01-10 03:02:41,-1,-15.59000015258789
2025-01-10 03:03:41,-1,-15.65999984741211
2025-01-10 03:04:41,-1,-15.520000457763672
2025-01-10 03:05:41,-1,-15.739999771118164
2025-01-10 03:06:41,-1,-15.84000015258789
2025-01-10 03:07:40,-1,-15.739999771118164
2025-01-10 03:08:40,-1,-15.699999809265137
2025-01-10 03:09:41,-1,-15.760000228881836
2025-01-10 03:10:41,-1,-15.550000190734863
2025-01-10 03:11:41,-1,-15.770000457763672
2025-01-10 03:12:41,-1,-15.460000038146973
2025-01-10 03:13:40,-1,-15.520000457763672
2025-01-10 03:14:41,-1,-15.710000038146973
2025-01-10 03:15:41,-1,-15.34000015258789
2025-01-10 03:16:40,-1,-15.520000457763672
2025-01-10 03:17:41,-1,-15.550000190734863
2025-01-10 03:18:40,-1,-15.5
2025-01-10 03:19:41,-1,-15.34000015258789
2025-01-10 03:20:41,-1,-15.710000038146973
2025-01-10 03:21:40,-1,-15.520000457763672
2025-01-10 03:22:41,-1,-15.539999961853027
2025-01-10 03:23:40,-1,-15.600000381469727
2025-01-10 03:24:41,-1,-15.489999771118164
2025-01-10 03:25:41,-1,-15.760000228881836
2025-01-10 03:26:41,-1,-15.539999961853027
2025-01-10 03:27:41,-1,-15.640000343322754
2025-01-10 03:28:40,-1,-15.670000076293945
2025-01-10 03:29:42,-1,-15.550000190734863
2025-01-10 03:30:41,-1,-15.489999771118164
2025-01-10 03:31:39,-1,-15.529999732971191
2025-01-10 03:32:42,-1,-15.779999732971191
2025-01-10 03:33:40,-1,-15.609999656677246
2025-01-10 03:34:41,-1,-15.569999694824219
2025-01-10 03:35:40,-1,-15.670000076293945
2025-01-10 03:36:42,-1,-15.640000343322754
2025-01-10 03:37:41,-1,-15.489999771118164
2025-01-10 03:38:40,-1,-15.350000381469727
2025-01-10 03:39:41,-1,-15.600000381469727
2025-01-10 03:40:40,-1,-15.460000038146973
2025-01-10 03:41:41,-1,-15.460000038146973
2025-01-10 03:42:41,-1,-15.720000267028809
2025-01-10 03:43:40,-1,-15.670000076293945
2025-01-10 03:44:40,-1,-15.520000457763672
2025-01-10 03:45:41,-1,-15.539999961853027
2025-01-10 03:46:42,-1,-15.619999885559082
2025-01-10 03:47:40,-1,-15.470000267028809
2025-01-10 03:48:41,-1,-15.449999809265137
2025-01-10 03:49:41,-1,-15.619999885559082
2025-01-10 03:50:41,-1,-15.430000305175781
2025-01-10 03:51:42,-1,-15.800000190734863
2025-01-10 03:52:40,-1,-15.6899995803833
2025-01-10 03:53:41,-1,-15.520000457763672
2025-01-10 03:54:41,-1,-15.390000343322754
2025-01-10 03:55:40,-1,-15.479999542236328
2025-01-10 03:56:41,-1,-15.739999771118164
2025-01-10 03:57:41,-1,-15.600000381469727
2025-01-10 03:58:40,-1,-15.479999542236328
2025-01-10 03:59:41,-1,-15.819999694824219
2025-01-10 04:00:41,-1,-15.550000190734863
2025-01-10 04:01:39,-1,-15.539999961853027
2025-01-10 04:02:41,-1,-15.470000267028809
2025-01-10 04:03:41,-1,-15.510000228881836
2025-01-10 04:04:41,-1,-15.529999732971191
2025-01-10 04:05:40,-1,-15.4399995803833
2025-01-10 04:06:40,-1,-15.449999809265137
2025-01-10 04:07:41,-1,-15.359999656677246
2025-01-10 04:08:39,-1,-15.539999961853027
2025-01-10 04:09:41,-1,-15.289999961853027
2025-01-10 04:10:41,-1,-15.359999656677246
2025-01-10 04:11:41,-1,-15.430000305175781
2025-01-10 04:12:42,-1,-15.270000457763672
2025-01-10 04:13:41,-1,-15.300000190734863
2025-01-10 04:14:41,-1,-15.380000114440918
2025-01-10 04:15:38,-1,-15.329999923706055
2025-01-10 04:16:41,-1,-15.380000114440918
2025-01-10 04:17:41,-1,-15.300000190734863
2025-01-10 04:18:40,-1,-15.270000457763672
2025-01-10 04:19:41,-1,-15.329999923706055
2025-01-10 04:20:40,-1,-15.300000190734863
2025-01-10 04:21:41,-1,-15.289999961853027
2025-01-10 04:22:41,-1,-15.720000267028809
2025-01-10 04:23:41,-1,-15.350000381469727
2025-01-10 04:24:41,-1,-15.369999885559082
2025-01-10 04:25:41,-1,-15.489999771118164
2025-01-10 04:26:41,-1,-15.239999771118164
2025-01-10 04:27:40,-1,-15.489999771118164
2025-01-10 04:28:40,-1,-15.380000114440918
2025-01-10 04:29:40,-1,-15.489999771118164
2025-01-10 04:30:41,-1,-15.430000305175781
2025-01-10 04:31:40,-1,-15.149999618530273
2025-01-10 04:32:41,-1,-15.569999694824219
2025-01-10 04:33:41,-1,-15.460000038146973
2025-01-10 04:34:40,-1,-15.319999694824219
2025-01-10 04:35:41,-1,-15.40999984741211
2025-01-10 04:36:40,-1,-15.3100004196167
2025-01-10 04:37:40,-1,-15.460000038146973
2025-01-10 04:38:41,-1,-15.289999961853027
2025-01-10 04:39:41,-1,-15.399999618530273
2025-01-10 04:40:40,-1,-15.539999961853027
2025-01-10 04:41:40,-1,-15.5
2025-01-10 04:42:41,-1,-15.430000305175781
2025-01-10 04:43:41,-1,-15.40999984741211
2025-01-10 04:44:40,-1,-15.039999961853027
2025-01-10 04:45:40,-1,-15.239999771118164
2025-01-10 04:46:41,-1,-15.199999809265137
2025-01-10 04:47:40,-1,-15.319999694824219
2025-01-10 04:48:41,-1,-15.300000190734863
2025-01-10 04:49:41,-1,-15.130000114440918
2025-01-10 04:50:41,-1,-15.34000015258789
2025-01-10 04:51:40,-1,-15.390000343322754
2025-01-10 04:52:40,-1,-15.170000076293945
2025-01-10 04:53:41,-1,-15.270000457763672
2025-01-10 04:54:41,-1,-15.5600004196167
2025-01-10 04:55:41,-1,-15.460000038146973
2025-01-10 04:56:41,-1,-15.510000228881836
2025-01-10 04:57:41,-1,-15.369999885559082
2025-01-10 04:58:41,-1,-15.220000267028809
2025-01-10 04:59:41,-1,-15.149999618530273
2025-01-10 05:00:40,-1,-15.430000305175781
2025-01-10 05:01:41,-1,-15.260000228881836
2025-01-10 05:02:40,-1,-15.420000076293945
2025-01-10 05:03:40,-1,-14.880000114440918
2025-01-10 05:04:40,-1,-15.100000381469727
2025-01-10 05:05:40,-1,-14.989999771118164
2025-01-10 05:06:40,-1,-15.029999732971191
2025-01-10 05:07:41,-1,-15.319999694824219
2025-01-10 05:08:41,-1,-15.15999984741211
2025-01-10 05:09:40,-1,-15.3100004196167
2025-01-10 05:10:41,-1,-15.34000015258789
2025-01-10 05:11:41,-1,-15.420000076293945
2025-01-10 05:12:40,-1,-15.420000076293945
2025-01-10 05:13:40,-1,-15.479999542236328
2025-01-10 05:14:41,-1,-15.3100004196167
2025-01-10 05:15:40,-1,-15.1899995803833
2025-01-10 05:16:40,-1,-15.3100004196167
2025-01-10 05:17:41,-1,-15.350000381469727
2025-01-10 05:18:39,-1,-15.449999809265137
2025-01-10 05:19:41,-1,-15.100000381469727
2025-01-10 05:20:42,-1,-15.289999961853027
2025-01-10 05:21:40,-1,-15.279999732971191
2025-01-10 05:22:40,-1,-15.34000015258789
2025-01-10 05:23:41,-1,-15.180000305175781
2025-01-10 05:24:41,-1,-15.319999694824219
2025-01-10 05:25:40,-1,-15.210000038146973
2025-01-10 05:26:39,-1,-15.09000015258789
2025-01-10 05:27:41,-1,-15.300000190734863
2025-01-10 05:28:39,-1,-15.520000457763672
2025-01-10 05:29:41,-1,-15.5
2025-01-10 05:30:41,-1,-15.279999732971191
2025-01-10 05:31:40,-1,-15.270000457763672
2025-01-10 05:32:41,-1,-15.210000038146973
2025-01-10 05:33:40,-1,-15.100000381469727
2025-01-10 05:34:41,-1,-14.9399995803833
2025-01-10 05:35:40,-1,-14.989999771118164
2025-01-10 05:36:41,-1,-15.569999694824219
2025-01-10 05:37:41,-1,-15.710000038146973
2025-01-10 05:38:39,-1,-15.789999961853027
2025-01-10 05:39:41,-1,-15.760000228881836
2025-01-10 05:40:40,-1,-15.680000305175781
2025-01-10 05:41:41,-1,-15.579999923706055
2025-01-10 05:42:41,-1,-15.720000267028809
2025-01-10 05:43:40,-1,-15.640000343322754
2025-01-10 05:44:41,-1,-15.550000190734863
2025-01-10 05:45:41,-1,-15.579999923706055
2025-01-10 05:46:41,-1,-15.720000267028809
2025-01-10 05:47:40,-1,-15.600000381469727
2025-01-10 05:48:41,-1,-15.6899995803833
2025-01-10 05:49:41,-1,-15.670000076293945
2025-01-10 05:50:40,-1,-15.670000076293945
2025-01-10 05:51:40,-1,-15.699999809265137
2025-01-10 05:52:42,-1,-15.710000038146973
2025-01-10 05:53:41,-1,-15.699999809265137
2025-01-10 05:54:41,-1,-15.470000267028809
2025-01-10 05:55:40,-1,-15.390000343322754
2025-01-10 05:56:39,-1,-15.670000076293945
2025-01-10 05:57:40,-1,-15.489999771118164
2025-01-10 05:58:41,-1,-15.960000038146973
2025-01-10 05:59:40,-1,-15.350000381469727
2025-01-10 06:00:37,-1,-15.640000343322754
2025-01-10 06:01:40,-1,-15.59000015258789
2025-01-10 06:02:41,-1,-15.489999771118164
2025-01-10 06:03:40,-1,-15.59000015258789
2025-01-10 06:04:41,-1,-15.789999961853027
2025-01-10 06:05:41,-1,-15.529999732971191
2025-01-10 06:06:41,-1,-15.609999656677246
2025-01-10 06:07:41,-1,-15.430000305175781
2025-01-10 06:08:40,-1,-15.470000267028809
2025-01-10 06:09:41,-1,-15.520000457763672
2025-01-10 06:10:40,-1,-15.470000267028809
2025-01-10 06:11:41,-1,-15.3100004196167
2025-01-10 06:12:41,-1,-15.40999984741211
2025-01-10 06:13:40,-1,-15.369999885559082
2025-01-10 06:14:41,-1,-15.25
2025-01-10 06:15:40,-1,-15.329999923706055
2025-01-10 06:16:40,-1,-15.550000190734863
2025-01-10 06:17:41,-1,-15.600000381469727
2025-01-10 06:18:40,-1,-15.4399995803833
2025-01-10 06:19:41,-1,-15.75
2025-01-10 06:20:40,-1,-15.460000038146973
2025-01-10 06:21:41,-1,-15.5600004196167
2025-01-10 06:22:40,-1,-15.399999618530273
2025-01-10 06:23:41,0,-15.319999694824219
2025-01-10 06:24:40,0,-15.470000267028809
2025-01-10 06:25:40,0,-15.199999809265137
2025-01-10 06:26:40,0,-15.34000015258789
2025-01-10 06:27:41,0,-15.199999809265137
2025-01-10 06:28:41,0,-15.369999885559082
2025-01-10 06:29:40,0,-15.380000114440918
2025-01-10 06:30:41,0,-15.109999656677246
2025-01-10 06:31:40,0,-15.09000015258789
2025-01-10 06:32:40,0,-15.5600004196167
2025-01-10 06:33:40,1,-15.399999618530273
2025-01-10 06:34:41,1,-15.109999656677246
2025-01-10 06:35:40,1,-14.979999542236328
2025-01-10 06:36:40,2,-15.069999694824219
2025-01-10 06:37:41,2,-15.329999923706055
2025-01-10 06:38:40,2,-12.65999984741211
2025-01-10 06:39:41,3,-11.970000267028809
2025-01-10 06:40:41,3,-10.75
2025-01-10 06:41:40,4,-9.829999923706055
2025-01-10 06:42:41,4,-8.920000076293945
2025-01-10 06:43:40,5,-7.869999885559082
2025-01-10 06:44:40,5,-6.789999961853027
2025-01-10 06:45:41,6,-5.46999979019165
2025-01-10 06:46:40,7,-4.389999866485596
2025-01-10 06:47:38,8,-2.630000114440918
2025-01-10 06:48:40,9,40.0099983215332
2025-01-10 06:49:40,11,81.41999816894531
2025-01-10 06:50:40,12,111.55000305175781
2025-01-10 06:51:41,14,136.14999389648438
2025-01-10 06:52:41,17,167.69000244140625
2025-01-10 06:53:41,19,195.22000122070312
2025-01-10 06:54:40,21,216.24000549316406
2025-01-10 06:55:40,26,232.88999938964844
2025-01-10 06:56:41,29,241.1199951171875
2025-01-10 06:57:41,29,235.5500030517578
2025-01-10 06:58:41,29,222.6199951171875
2025-01-10 06:59:39,28,215.1199951171875
2025-01-10 07:00:41,26,216.67999267578125
2025-01-10 07:01:40,27,226.7899932861328
2025-01-10 07:02:40,28,245.4499969482422
2025-01-10 07:03:40,30,270.6199951171875
2025-01-10 07:04:41,34,313.6300048828125
2025-01-10 07:05:41,38,364.8800048828125
2025-01-10 07:06:40,42,417.5299987792969
2025-01-10 07:07:41,49,470.19000244140625
2025-01-10 07:08:40,55,519.22998046875
2025-01-10 07:09:41,59,558.4600219726562
2025-01-10 07:10:40,61,590.7000122070312
2025-01-10 07:11:40,64,624.4600219726562
2025-01-10 07:12:41,66,658.5399780273438
2025-01-10 07:13:40,69,692.3099975585938
2025-01-10 07:14:40,71,726.9299926757812
2025-01-10 07:15:41,74,764.4000244140625
2025-01-10 07:16:41,77,803.3499755859375
2025-01-10 07:17:39,80,839.9099731445312
2025-01-10 07:18:40,83,879.3499755859375
2025-01-10 07:19:40,86,915.72998046875
2025-01-10 07:20:41,89,951.8499755859375
2025-01-10 07:21:40,92,988.7999877929688
2025-01-10 07:22:41,95,1025.68994140625
2025-01-10 07:23:41,98,1062.81005859375
2025-01-10 07:24:40,101,1101.06005859375
2025-01-10 07:25:40,104,1133.1199951171875
2025-01-10 07:26:41,107,1164.43994140625
2025-01-10 07:27:41,110,1201.22998046875
2025-01-10 07:28:40,113,1234.2099609375
2025-01-10 07:29:41,116,1267.739990234375
2025-01-10 07:30:40,119,1302.0899658203125
2025-01-10 07:31:40,122,1343.010009765625
2025-01-10 07:32:41,126,1382.5
2025-01-10 07:33:41,129,1421.77001953125
2025-01-10 07:34:39,133,1470.3599853515625
2025-01-10 07:35:40,137,1522.030029296875
2025-01-10 07:36:41,141,1573.9599609375
2025-01-10 07:37:40,145,1625.739990234375
2025-01-10 07:38:41,149,1682.27001953125
2025-01-10 07:39:41,152,1740.3399658203125
2025-01-10 07:40:40,157,1796.800048828125
2025-01-10 07:41:39,160,1853.1800537109375
2025-01-10 07:42:41,165,1906.56005859375
2025-01-10 07:43:40,169,1956.56005859375
2025-01-10 07:44:40,173,2008.06005859375
2025-01-10 07:45:41,177,2053.760009765625
2025-01-10 07:46:40,181,2100.010009765625
2025-01-10 07:47:41,184,2139.780029296875
2025-01-10 07:48:41,188,2176.929931640625
2025-01-10 07:49:40,191,2213.64990234375
2025-01-10 07:50:41,194,2247.7099609375
2025-01-10 07:51:41,197,2278.580078125
2025-01-10 07:52:40,200,2308.9599609375
2025-01-10 07:53:41,204,2342.820068359375
2025-01-10 07:54:40,207,2378.06005859375
2025-01-10 07:55:40,211,2417.669921875
2025-01-10 07:56:41,215,2456.139892578125
2025-01-10 07:57:41,217,2490.550048828125
2025-01-10 07:58:40,220,2530.159912109375
2025-01-10 07:59:40,223,2562.610107421875
2025-01-10 08:00:41,225,2592.070068359375
2025-01-10 08:01:41,228,2632.580078125
2025-01-10 08:02:40,232,2680.35009765625
2025-01-10 08:03:41,236,2727.77001953125
2025-01-10 08:04:40,239,2775.860107421875
2025-01-10 08:05:41,245,2824.64990234375
2025-01-10 08:06:39,249,2876.280029296875
2025-01-10 08:07:41,255,2929.989990234375
2025-01-10 08:08:41,264,2988.8798828125
2025-01-10 08:09:40,268,3040.469970703125
2025-01-10 08:10:41,271,3094.909912109375
2025-01-10 08:11:40,278,3150.679931640625
2025-01-10 08:12:40,282,3204.389892578125
2025-01-10 08:13:41,284,3241.840087890625
2025-01-10 08:14:40,288,3284.760009765625
2025-01-10 08:15:41,286,3327.800048828125
2025-01-10 08:16:40,294,3384.330078125
2025-01-10 08:17:40,298,3450.0400390625
2025-01-10 08:18:39,305,3524.8701171875
2025-01-10 08:19:40,310,3577.830078125
2025-01-10 08:20:41,317,3626.43994140625
2025-01-10 08:21:40,319,3654.02001953125
2025-01-10 08:22:41,322,3695.919921875
2025-01-10 08:23:40,326,3763.18994140625
2025-01-10 08:24:40,333,3820.52001953125
2025-01-10 08:25:40,339,3864.739990234375
2025-01-10 08:26:40,339,3896.780029296875
2025-01-10 08:27:40,342,3948.010009765625
2025-01-10 08:28:41,349,3988.4599609375
2025-01-10 08:29:40,353,4042.64990234375
2025-01-10 08:30:41,356,4093.550048828125
2025-01-10 08:31:40,364,4149.7900390625
2025-01-10 08:32:40,366,4202.52001953125
2025-01-10 08:33:41,373,4240.31005859375
2025-01-10 08:34:40,374,4292
2025-01-10 08:35:40,379,4330.56982421875
2025-01-10 08:36:41,383,4370.18994140625
2025-01-10 08:37:40,387,4423.18994140625
2025-01-10 08:38:40,392,4475.47998046875
2025-01-10 08:39:40,395,4526.7900390625
2025-01-10 08:40:41,402,4592.759765625
2025-01-10 08:41:40,405,4651.58984375
2025-01-10 08:42:40,413,4685.4599609375
2025-01-10 08:43:41,413,4708.7900390625
2025-01-10 08:44:40,417,4749.25
2025-01-10 08:45:40,421,4790.77001953125
2025-01-10 08:46:41,425,4830.72998046875
2025-01-10 08:47:40,428,4850.419921875
2025-01-10 08:48:41,426,4886.85009765625
2025-01-10 08:49:41,435,4925.39990234375
2025-01-10 08:50:41,432,4963.77001953125
2025-01-10 08:51:40,442,5027.080078125
2025-01-10 08:52:40,442,5044.72998046875
2025-01-10 08:53:41,442,5069.39990234375
2025-01-10 08:54:41,449,5135.259765625
2025-01-10 08:55:40,457,5197.5400390625
2025-01-10 08:56:40,456,5231.52001953125
2025-01-10 08:57:40,460,5309.72998046875
2025-01-10 08:58:41,474,5373.330078125
2025-01-10 08:59:40,468,5397.97021484375
2025-01-10 09:00:40,476,5491.93994140625
2025-01-10 09:01:40,479,5559.490234375
2025-01-10 09:02:39,494,5585.6201171875
2025-01-10 09:03:40,483,5589.3798828125
2025-01-10 09:04:41,491,5633.33984375
2025-01-10 09:05:40,491,5630.3798828125
2025-01-10 09:06:40,493,5724.35009765625
2025-01-10 09:07:41,500,5793.1201171875
2025-01-10 09:08:41,507,5805.60009765625
2025-01-10 09:09:40,502,5825.7998046875
2025-01-10 09:10:40,509,5919.02001953125
2025-01-10 09:11:41,515,5888.740234375
2025-01-10 09:12:40,507,5911.35009765625
2025-01-10 09:13:40,512,6045.10009765625
2025-01-10 09:14:41,528,6088.0498046875
2025-01-10 09:15:40,519,6018.490234375
2025-01-10 09:16:41,506,6051.8701171875
2025-01-10 09:17:40,521,6223.10009765625
2025-01-10 09:18:40,546,6321.490234375
2025-01-10 09:19:40,547,6365.31005859375
2025-01-10 09:20:40,551,6327.35009765625
2025-01-10 09:21:41,548,6415.72998046875
2025-01-10 09:22:40,549,6437.68994140625
2025-01-10 09:23:40,552,6409.8701171875
2025-01-10 09:24:39,541,6479.18017578125
2025-01-10 09:25:40,549,6577.3798828125
2025-01-10 09:26:40,567,6752.25
2025-01-10 09:27:41,603,6594.77978515625
2025-01-10 09:28:41,486,5823.9501953125
2025-01-10 09:29:40,356,5192.83984375
2025-01-10 09:30:41,450,5802.080078125
2025-01-10 09:31:40,469,5424
2025-01-10 09:32:40,385,4379.7099609375
2025-01-10 09:33:40,321,3554.72998046875
2025-01-10 09:34:41,279,3163.739990234375
2025-01-10 09:35:39,271,3099.93994140625
2025-01-10 09:36:40,273,3215.02001953125
2025-01-10 09:37:41,283,3338.52001953125
2025-01-10 09:38:40,293,3469.949951171875
2025-01-10 09:39:40,305,3585.830078125
2025-01-10 09:40:40,315,3720.7900390625
2025-01-10 09:41:41,332,3904.85009765625
2025-01-10 09:42:39,346,4100.33984375
2025-01-10 09:43:41,361,4253.2001953125
2025-01-10 09:44:41,372,4388.10986328125
2025-01-10 09:45:39,389,4577.08984375
2025-01-10 09:46:38,397,4770.97998046875
2025-01-10 09:47:40,400,4904.33984375
2025-01-10 09:48:40,412,5033.18994140625
2025-01-10 09:49:38,411,4977.330078125
2025-01-10 09:50:40,409,4914.72998046875
2025-01-10 09:51:40,420,4877.14013671875
2025-01-10 09:52:40,416,4906.68017578125
2025-01-10 09:53:39,418,4906.85009765625
2025-01-10 09:54:41,423,5006.22998046875
2025-01-10 09:55:40,424,4951.93994140625
2025-01-10 09:56:40,411,4823.06005859375
2025-01-10 09:57:40,400,4691.85986328125
2025-01-10 09:58:40,396,4666.22021484375
2025-01-10 09:59:41,396,4671.759765625
2025-01-10 10:00:40,401,4727.97998046875
2025-01-10 10:01:41,413,4816.27978515625
2025-01-10 10:02:41,421,4877.330078125
2025-01-10 10:03:40,422,4892.18994140625
2025-01-10 10:04:40,420,4805.56982421875
2025-01-10 10:05:40,412,4744.93017578125
2025-01-10 10:06:39,411,4758.77978515625
2025-01-10 10:07:40,413,4812.60986328125
2025-01-10 10:08:41,421,4893.4501953125
2025-01-10 10:09:40,427,4965
2025-01-10 10:10:41,433,5050.10009765625
2025-01-10 10:11:40,443,5108.43994140625
2025-01-10 10:12:40,456,5163.10009765625
2025-01-10 10:13:40,446,5283.16015625
2025-01-10 10:14:40,458,5328.02978515625
2025-01-10 10:15:41,466,5384.5498046875
2025-01-10 10:16:40,464,5360.9599609375
2025-01-10 10:17:40,489,5485.330078125
2025-01-10 10:18:41,465,5370.52978515625
2025-01-10 10:19:40,452,5342.72998046875
2025-01-10 10:20:41,451,5388.5
2025-01-10 10:21:40,463,5593.77978515625
2025-01-10 10:22:41,531,5868.3701171875
2025-01-10 10:23:40,499,5991.009765625
2025-01-10 10:24:40,503,6174.47021484375
2025-01-10 10:25:39,519,6248.89990234375
2025-01-10 10:26:41,535,5923.60009765625
2025-01-10 10:27:38,485,5662.22998046875
2025-01-10 10:28:39,476,5526.02978515625
2025-01-10 10:29:41,458,5386.0400390625
2025-01-10 10:30:39,464,5345.0498046875
2025-01-10 10:31:40,449,5344.97998046875
2025-01-10 10:32:40,458,5269.52978515625
2025-01-10 10:33:41,443,5179.669921875
2025-01-10 10:34:40,445,5200.669921875
2025-01-10 10:35:41,452,5310.1298828125
2025-01-10 10:36:41,471,5543.68017578125
2025-01-10 10:37:39,489,5598.25
2025-01-10 10:38:40,486,5554.85986328125
2025-01-10 10:39:41,476,5394.64990234375
2025-01-10 10:40:40,465,5262.64013671875
2025-01-10 10:41:40,454,5206.830078125
2025-01-10 10:42:40,457,5420.02978515625
2025-01-10 10:43:41,497,5829.02001953125
2025-01-10 10:44:41,518,5990.7900390625
2025-01-10 10:45:39,576,6346.06982421875
2025-01-10 10:46:40,540,6059.35009765625
2025-01-10 10:47:40,483,5700.43994140625
2025-01-10 10:48:41,524,5367.509765625
2025-01-10 10:49:40,449,5373.02001953125
2025-01-10 10:50:41,499,5552.68994140625
2025-01-10 10:51:41,465,5695.419921875
2025-01-10 10:52:41,473,5629.58984375
2025-01-10 10:53:41,442,5418.419921875
2025-01-10 10:54:40,426,5219.16015625
2025-01-10 10:55:40,421,5081.080078125
2025-01-10 10:56:41,426,5081.919921875
2025-01-10 10:57:40,430,5075.35986328125
2025-01-10 10:58:41,431,5050.5498046875
2025-01-10 10:59:41,436,5160.89013671875
2025-01-10 11:00:40,448,5416.02001953125
2025-01-10 11:01:40,491,5692.97021484375
2025-01-10 11:02:40,500,5967.27978515625
2025-01-10 11:03:41,526,6597.419921875
2025-01-10 11:04:40,569,7175.580078125
2025-01-10 11:05:40,793,7536.9599609375
2025-01-10 11:06:41,728,6820.490234375
2025-01-10 11:07:40,584,7175.740234375
2025-01-10 11:08:40,617,7484.18994140625
2025-01-10 11:09:40,812,8349.7998046875
2025-01-10 11:10:40,706,8119.7900390625
2025-01-10 11:11:38,661,7783.91015625
2025-01-10 11:12:39,612,7189.39013671875
2025-01-10 11:13:41,667,6898.52978515625
2025-01-10 11:14:40,540,5907.68017578125
2025-01-10 11:15:39,510,6220.56982421875
2025-01-10 11:16:41,578,6806.56005859375
2025-01-10 11:17:40,596,7417.52001953125
2025-01-10 11:18:41,664,8267.73046875
2025-01-10 11:19:40,742,9494.58984375
2025-01-10 11:20:40,882,10216.5595703125
2025-01-10 11:21:39,875,9689.08984375
2025-01-10 11:22:40,871,8926.9296875
2025-01-10 11:23:40,710,8243.509765625
2025-01-10 11:24:41,622,9126.9599609375
2025-01-10 11:25:39,836,11559.0703125
2025-01-10 11:26:40,1075,11743.91015625
2025-01-10 11:27:40,825,11032.259765625
2025-01-10 11:28:41,1081,11820.3603515625
2025-01-10 11:29:39,1068,11706.58984375
2025-01-10 11:30:40,996,11115.23046875
2025-01-10 11:31:41,968,10753.490234375
2025-01-10 11:32:40,982,9439.01953125
2025-01-10 11:33:40,936,6325.64990234375
2025-01-10 11:34:40,360,4739.4599609375
2025-01-10 11:35:40,364,6556.43017578125
2025-01-10 11:36:40,608,7217.6201171875
2025-01-10 11:37:40,403,7389.81005859375
2025-01-10 11:38:39,402,7833.830078125
2025-01-10 11:39:41,973,9631.349609375
2025-01-10 11:40:40,1020,9894.3896484375
2025-01-10 11:41:40,993,9921.16015625
2025-01-10 11:42:40,1018,9916.26953125
2025-01-10 11:43:40,810,9727.240234375
2025-01-10 11:44:41,870,8967.349609375
2025-01-10 11:45:41,999,9891.830078125
2025-01-10 11:46:40,945,10650.5400390625
2025-01-10 11:47:39,1030,10045.9404296875
2025-01-10 11:48:40,840,9853.2001953125
2025-01-10 11:49:40,733,9594.25
2025-01-10 11:50:40,793,8857.150390625
2025-01-10 11:51:40,656,7653.75
2025-01-10 11:52:41,602,7168.56005859375
2025-01-10 11:53:40,706,8239.099609375
2025-01-10 11:54:40,1041,10381.8203125
2025-01-10 11:55:40,864,10176.919921875
2025-01-10 11:56:41,883,10618.6396484375
2025-01-10 11:57:40,992,10900.6396484375
2025-01-10 11:58:40,999,10976.08984375
2025-01-10 11:59:40,1024,11019.91015625
2025-01-10 12:00:41,1028,9299.330078125
2025-01-10 12:01:40,1001,7393.22021484375
2025-01-10 12:02:40,399,7327.7001953125
2025-01-10 12:03:41,975,9901.3603515625
2025-01-10 12:04:40,945,8238.0498046875
2025-01-10 12:05:40,364,7771.25
2025-01-10 12:06:40,963,10510.2099609375
2025-01-10 12:07:40,937,10502.48046875
2025-01-10 12:08:40,973,10647.3896484375
2025-01-10 12:09:39,969,10601.150390625
2025-01-10 12:10:39,970,10646.2099609375
2025-01-10 12:11:41,968,10346.169921875
2025-01-10 12:12:39,928,10127.419921875
2025-01-10 12:13:40,976,10366.099609375
2025-01-10 12:14:41,952,10092.349609375
2025-01-10 12:15:41,930,10182.08984375
2025-01-10 12:16:40,856,10046.9599609375
2025-01-10 12:17:39,912,9975.740234375
2025-01-10 12:18:41,933,10411.8798828125
2025-01-10 12:19:40,985,10700.0400390625
2025-01-10 12:20:39,1006,10292.66015625
2025-01-10 12:21:41,1020,8386.16015625
2025-01-10 12:22:40,551,5724.52978515625
2025-01-10 12:23:39,309,7697.14990234375
2025-01-10 12:24:41,964,7819.43994140625
2025-01-10 12:25:40,775,6908.22021484375
2025-01-10 12:26:41,351,6052.18994140625
2025-01-10 12:27:40,382,6443.58984375
2025-01-10 12:28:41,605,9978.5302734375
2025-01-10 12:29:41,996,10878.330078125
2025-01-10 12:30:39,987,10772.5703125
2025-01-10 12:31:41,985,10702.75
2025-01-10 12:32:40,968,10712.23046875
2025-01-10 12:33:40,967,10816.009765625
2025-01-10 12:34:40,994,10835.9296875
2025-01-10 12:35:41,1021,8309.919921875
2025-01-10 12:36:41,555,4704.6298828125
2025-01-10 12:37:39,424,6125.18017578125
2025-01-10 12:38:41,312,7781.919921875
2025-01-10 12:39:40,553,8286.6201171875
2025-01-10 12:40:40,1005,11009.9296875
2025-01-10 12:41:40,1009,10959.9296875
2025-01-10 12:42:40,1010,10268.3095703125
2025-01-10 12:43:41,829,9962.740234375
2025-01-10 12:44:40,969,10302.1103515625
2025-01-10 12:45:40,990,10684.26953125
2025-01-10 12:46:40,1007,10157.3095703125
2025-01-10 12:47:40,969,6787.58984375
2025-01-10 12:48:40,325,3364.68994140625
2025-01-10 12:49:40,286,4256.56005859375
2025-01-10 12:50:39,337,7124.990234375
2025-01-10 12:51:40,931,10377.6904296875
2025-01-10 12:52:39,972,10676.8203125
2025-01-10 12:53:40,986,10833.330078125
2025-01-10 12:54:40,1008,10657.7099609375
2025-01-10 12:55:39,994,9498.1103515625
2025-01-10 12:56:41,507,9912.25
2025-01-10 12:57:40,989,10513.580078125
2025-01-10 12:58:40,969,10537.6298828125
2025-01-10 12:59:40,980,10416.41015625
2025-01-10 13:00:41,962,9675.7900390625
2025-01-10 13:01:39,599,9710.6904296875
2025-01-10 13:02:41,953,10434.349609375
2025-01-10 13:03:41,983,10585.009765625
2025-01-10 13:04:40,972,10663.98046875
2025-01-10 13:05:41,980,10465.740234375
2025-01-10 13:06:40,1054,10039.4296875
2025-01-10 13:07:40,1036,9285.3896484375
2025-01-10 13:08:40,519,8527.2099609375
2025-01-10 13:09:40,528,7386.2998046875
2025-01-10 13:10:40,942,10450.009765625
2025-01-10 13:11:40,990,10521.2197265625
2025-01-10 13:12:40,980,10412.3095703125
2025-01-10 13:13:40,925,10116.099609375
2025-01-10 13:14:39,949,10203.669921875
2025-01-10 13:15:40,966,10249.9296875
2025-01-10 13:16:41,951,9489.919921875
2025-01-10 13:17:39,960,10005.2802734375
2025-01-10 13:18:39,977,10529.009765625
2025-01-10 13:19:40,1027,10875.5
2025-01-10 13:20:40,1028,10651.8701171875
2025-01-10 13:21:40,911,9522.330078125
2025-01-10 13:22:40,891,9719.23046875
2025-01-10 13:23:40,972,10373.580078125
2025-01-10 13:24:40,1023,10600.26953125
2025-01-10 13:25:40,566,8889.7998046875
2025-01-10 13:26:39,1061,11077.1298828125
2025-01-10 13:27:40,1068,9776.8896484375
2025-01-10 13:28:41,603,4884.509765625
2025-01-10 13:29:40,407,4290.4599609375
2025-01-10 13:30:40,375,5162.72998046875
2025-01-10 13:31:39,376,7805.85986328125
2025-01-10 13:32:41,1045,10821.6904296875
2025-01-10 13:33:39,1052,10759.9404296875
2025-01-10 13:34:39,973,9688.91015625
2025-01-10 13:35:40,1020,10360.8203125
2025-01-10 13:36:41,941,10472.669921875
2025-01-10 13:37:39,1009,9778.08984375
2025-01-10 13:38:41,928,10077.0498046875
2025-01-10 13:39:40,997,9812.509765625
2025-01-10 13:40:39,928,8324.1298828125
2025-01-10 13:41:41,950,8125.93994140625
2025-01-10 13:42:40,720,8832.490234375
2025-01-10 13:43:40,844,7717.2998046875
2025-01-10 13:44:40,847,5875.419921875
2025-01-10 13:45:40,398,4062.429931640625
2025-01-10 13:46:39,350,3802.97998046875
2025-01-10 13:47:41,388,3861.409912109375
2025-01-10 13:48:39,328,3512.570068359375
2025-01-10 13:49:40,300,3452.56005859375
2025-01-10 13:50:41,303,3644.639892578125
2025-01-10 13:51:39,315,3808.989990234375
2025-01-10 13:52:40,347,4690.58984375
2025-01-10 13:53:40,399,6067.5
2025-01-10 13:54:40,824,6968.3798828125
2025-01-10 13:55:39,416,5452.68017578125
2025-01-10 13:56:39,369,5284.5498046875
2025-01-10 13:57:40,361,6132.31005859375
2025-01-10 13:58:39,370,6083.81982421875
2025-01-10 13:59:40,375,4944.91015625
2025-01-10 14:00:40,383,3807.010009765625
2025-01-10 14:01:39,302,3465.489990234375
2025-01-10 14:02:41,288,3389.02001953125
2025-01-10 14:03:40,283,3581.5400390625
2025-01-10 14:04:40,282,3290.8798828125
2025-01-10 14:05:40,282,3261.39990234375
2025-01-10 14:06:40,279,3188.780029296875
2025-01-10 14:07:40,269,3020.43994140625
2025-01-10 14:08:40,252,2819.02001953125
2025-01-10 14:09:39,233,2615.77001953125
2025-01-10 14:10:40,218,2455.340087890625
2025-01-10 14:11:39,205,2310.89990234375
2025-01-10 14:12:40,193,2171.6298828125
2025-01-10 14:13:39,180,2003.97998046875
2025-01-10 14:14:40,166,1818.9300537109375
2025-01-10 14:15:37,150,1638.06005859375
2025-01-10 14:16:40,137,1474.0999755859375
2025-01-10 14:17:40,124,1353.9000244140625
2025-01-10 14:18:41,115,1260.77001953125
2025-01-10 14:19:40,108,1202.6300048828125
2025-01-10 14:20:40,102,1172.3299560546875
2025-01-10 14:21:40,99,1179.239990234375
2025-01-10 14:22:41,100,1223.1600341796875
2025-01-10 14:23:40,104,1277.93994140625
2025-01-10 14:24:40,109,1330.219970703125
2025-01-10 14:25:40,112,1370.8599853515625
2025-01-10 14:26:41,115,1399.3199462890625
2025-01-10 14:27:40,116,1413
2025-01-10 14:28:40,116,1424.739990234375
2025-01-10 14:29:40,117,1437.9000244140625
2025-01-10 14:30:41,118,1452.0400390625
2025-01-10 14:31:39,119,1466.5699462890625
2025-01-10 14:32:41,120,1476.43994140625
2025-01-10 14:33:40,122,1473.93994140625
2025-01-10 14:34:41,122,1454.030029296875
2025-01-10 14:35:40,120,1415.8399658203125
2025-01-10 14:36:40,118,1365.9200439453125
2025-01-10 14:37:41,113,1281.56005859375
2025-01-10 14:38:40,106,1174.47998046875
2025-01-10 14:39:39,96,1075.4300537109375
2025-01-10 14:40:41,92,1010.7000122070312
2025-01-10 14:41:40,51,992.0999755859375
2025-01-10 14:42:39,89,1009.5
2025-01-10 14:43:40,91,1046.6199951171875
2025-01-10 14:44:40,94,1100.510009765625
2025-01-10 14:45:40,98,1172.0999755859375
2025-01-10 14:46:39,105,1265.8299560546875
2025-01-10 14:47:40,115,1388.27001953125
2025-01-10 14:48:41,125,1528.6800537109375
2025-01-10 14:49:39,138,1661.3499755859375
2025-01-10 14:50:41,149,1771.1700439453125
2025-01-10 14:51:40,156,1847.27001953125
2025-01-10 14:52:40,162,1881.3599853515625
2025-01-10 14:53:38,163,1872.0699462890625
2025-01-10 14:54:40,161,1829.31005859375
2025-01-10 14:55:40,151,1755.3800048828125
2025-01-10 14:56:39,148,1691.0999755859375
2025-01-10 14:57:41,140,1659.739990234375
2025-01-10 14:58:40,135,1670.8399658203125
2025-01-10 14:59:40,146,1714.9000244140625
2025-01-10 15:00:40,150,1773.1300048828125
2025-01-10 15:01:40,155,1833.7900390625
2025-01-10 15:02:40,160,1877.0899658203125
2025-01-10 15:03:40,164,1910.8900146484375
2025-01-10 15:04:40,167,1946.9100341796875
2025-01-10 15:05:39,171,1994.06005859375
2025-01-10 15:06:40,177,2054.530029296875
2025-01-10 15:07:39,183,2118.139892578125
2025-01-10 15:08:40,189,2177.889892578125
2025-01-10 15:09:40,195,2220.97998046875
2025-01-10 15:10:40,198,2250.4599609375
2025-01-10 15:11:40,201,2268.050048828125
2025-01-10 15:12:40,203,2280.469970703125
2025-01-10 15:13:40,204,2290.909912109375
2025-01-10 15:14:39,205,2307.68994140625
2025-01-10 15:15:40,207,2331.949951171875
2025-01-10 15:16:41,209,2366.659912109375
2025-01-10 15:17:39,212,2408.10009765625
2025-01-10 15:18:40,217,2459.800048828125
2025-01-10 15:19:40,220,2491.760009765625
2025-01-10 15:20:39,224,2507.570068359375
2025-01-10 15:21:40,226,2517.800048828125
2025-01-10 15:22:39,228,2529.179931640625
2025-01-10 15:23:41,230,2548.949951171875
2025-01-10 15:24:39,232,2578.320068359375
2025-01-10 15:25:39,234,2604.360107421875
2025-01-10 15:26:40,235,2620.39990234375
2025-01-10 15:27:40,235,2623.89990234375
2025-01-10 15:28:40,236,2649.43994140625
2025-01-10 15:29:40,239,2685.31005859375
2025-01-10 15:30:41,243,2710.199951171875
2025-01-10 15:31:39,245,2727.919921875
2025-01-10 15:32:40,246,2733.81005859375
2025-01-10 15:33:40,247,2725.6298828125
2025-01-10 15:34:40,248,2707.860107421875
2025-01-10 15:35:39,248,2689.780029296875
2025-01-10 15:36:40,248,2664.969970703125
2025-01-10 15:37:41,245,2640.570068359375
2025-01-10 15:38:39,243,2627.75
2025-01-10 15:39:40,242,2619.60009765625
2025-01-10 15:40:40,241,2618.550048828125
2025-01-10 15:41:40,241,2628.070068359375
2025-01-10 15:42:40,240,2619.0400390625
2025-01-10 15:43:39,236,2555.77001953125
2025-01-10 15:44:40,226,2405.429931640625
2025-01-10 15:45:39,213,2186.6201171875
2025-01-10 15:46:41,184,1935.97998046875
2025-01-10 15:47:40,164,1739.5899658203125
2025-01-10 15:48:40,151,1630.6500244140625
2025-01-10 15:49:40,143,1566.93994140625
2025-01-10 15:50:40,138,1517.31005859375
2025-01-10 15:51:40,134,1494.300048828125
2025-01-10 15:52:39,132,1473.1099853515625
2025-01-10 15:53:41,130,1434.3199462890625
2025-01-10 15:54:40,126,1379.239990234375
2025-01-10 15:55:40,121,1320.1800537109375
2025-01-10 15:56:40,114,1260.0999755859375
2025-01-10 15:57:40,109,1193.8900146484375
2025-01-10 15:58:40,103,1133.0899658203125
2025-01-10 15:59:39,97,1096.530029296875
2025-01-10 16:00:41,94,1095.0400390625
2025-01-10 16:01:40,94,1110.989990234375
2025-01-10 16:02:40,96,1120.93994140625
2025-01-10 16:03:40,97,1118.7099609375
2025-01-10 16:04:39,97,1107.0400390625
2025-01-10 16:05:40,97,1098.3800048828125
2025-01-10 16:06:40,96,1087.22998046875
2025-01-10 16:07:39,95,1069.75
2025-01-10 16:08:39,94,1050.260009765625
2025-01-10 16:09:40,92,1041.1500244140625
2025-01-10 16:10:39,91,1055.969970703125
2025-01-10 16:11:40,94,1089.9599609375
2025-01-10 16:12:40,97,1112.6700439453125
2025-01-10 16:13:41,99,1122.260009765625
2025-01-10 16:14:39,99,1108.6199951171875
2025-01-10 16:15:40,98,1078.949951171875
2025-01-10 16:16:40,94,1043.219970703125
2025-01-10 16:17:39,92,1040.0999755859375
2025-01-10 16:18:40,94,1080.3299560546875
2025-01-10 16:19:40,98,1130.3699951171875
2025-01-10 16:20:39,102,1171.1300048828125
2025-01-10 16:21:40,106,1190.6600341796875
2025-01-10 16:22:40,107,1195.6700439453125
2025-01-10 16:23:40,107,1192.6700439453125
2025-01-10 16:24:38,107,1181.550048828125
2025-01-10 16:25:40,105,1160.510009765625
2025-01-10 16:26:40,104,1132.6099853515625
2025-01-10 16:27:41,101,1102.3599853515625
2025-01-10 16:28:40,99,1078.9200439453125
2025-01-10 16:29:40,98,1071.9599609375
2025-01-10 16:30:40,98,1085.0899658203125
2025-01-10 16:31:40,100,1108
2025-01-10 16:32:39,102,1132.43994140625
2025-01-10 16:33:40,104,1151.8199462890625
2025-01-10 16:34:41,105,1158.1099853515625
2025-01-10 16:35:40,105,1152.800048828125
2025-01-10 16:36:40,104,1133.800048828125
2025-01-10 16:37:39,102,1104.22998046875
2025-01-10 16:38:39,99,1076.8800048828125
2025-01-10 16:39:40,97,1057.3800048828125
2025-01-10 16:40:40,95,1042.0999755859375
2025-01-10 16:41:40,94,1032.93994140625
2025-01-10 16:42:40,93,1015.1799926757812
2025-01-10 16:43:40,91,990.3099975585938
2025-01-10 16:44:39,89,966.3900146484375
2025-01-10 16:45:40,88,957.010009765625
2025-01-10 16:46:40,89,971.719970703125
2025-01-10 16:47:40,90,992.3200073242188
2025-01-10 16:48:40,92,998.780029296875
2025-01-10 16:49:40,92,991.1400146484375
2025-01-10 16:50:40,91,980.5900268554688
2025-01-10 16:51:40,91,975.3499755859375
2025-01-10 16:52:41,91,980.719970703125
2025-01-10 16:53:40,92,992.5999755859375
2025-01-10 16:54:40,93,1006.280029296875
2025-01-10 16:55:39,95,1010.969970703125
2025-01-10 16:56:41,95,1005.5399780273438
2025-01-10 16:57:40,94,1004.02001953125
2025-01-10 16:58:40,95,1012.1599731445312
2025-01-10 16:59:41,96,1024.3599853515625
2025-01-10 17:00:41,97,1019.4099731445312
2025-01-10 17:01:39,95,988.260009765625
2025-01-10 17:02:39,91,938.8200073242188
2025-01-10 17:03:40,86,882.5700073242188
2025-01-10 17:04:40,80,827.8400268554688
2025-01-10 17:05:36,76,778.1199951171875
2025-01-10 17:06:40,72,738.0800170898438
2025-01-10 17:07:40,69,708.3599853515625
2025-01-10 17:08:40,66,679.4500122070312
2025-01-10 17:09:40,63,650.719970703125
2025-01-10 17:10:40,61,618.8699951171875
2025-01-10 17:11:39,57,579.8099975585938
2025-01-10 17:12:41,53,530.8699951171875
2025-01-10 17:13:39,49,486.9200134277344
2025-01-10 17:14:40,45,453.0299987792969
2025-01-10 17:15:39,43,427.2699890136719
2025-01-10 17:16:40,41,408.5
2025-01-10 17:17:40,39,392.739990234375
2025-01-10 17:18:39,38,376.2300109863281
2025-01-10 17:19:39,36,356.4700012207031
2025-01-10 17:20:40,34,334.9599914550781
2025-01-10 17:21:39,32,312.239990234375
2025-01-10 17:22:40,30,287.55999755859375
2025-01-10 17:23:40,27,265.95001220703125
2025-01-10 17:24:40,25,244.30999755859375
2025-01-10 17:25:39,24,228.52000427246094
2025-01-10 17:26:40,22,213.9600067138672
2025-01-10 17:27:41,21,201.6699981689453
2025-01-10 17:28:39,20,192.63999938964844
2025-01-10 17:29:40,19,183.97999572753906
2025-01-10 17:30:40,19,175.74000549316406
2025-01-10 17:31:40,18,166.77999877929688
2025-01-10 17:32:40,17,158.7100067138672
2025-01-10 17:33:40,16,149.25999450683594
2025-01-10 17:34:39,16,140.32000732421875
2025-01-10 17:35:41,15,133.38999938964844
2025-01-10 17:36:39,15,128.2100067138672
2025-01-10 17:37:40,14,124.30999755859375
2025-01-10 17:38:40,14,121.13999938964844
2025-01-10 17:39:39,14,116.30000305175781
2025-01-10 17:40:35,13,109.56999969482422
2025-01-10 17:41:39,12,101.04000091552734
2025-01-10 17:42:41,11,92.9800033569336
2025-01-10 17:43:40,11,87.08999633789062
2025-01-10 17:44:39,10,83.12000274658203
2025-01-10 17:45:41,10,80.5999984741211
2025-01-10 17:46:40,10,78
2025-01-10 17:47:40,10,74.81999969482422
2025-01-10 17:48:40,9,70.62000274658203
2025-01-10 17:49:41,9,64.80999755859375
2025-01-10 17:50:40,8,55.27000045776367
2025-01-10 17:51:39,7,45.18000030517578
2025-01-10 17:52:41,6,37.36000061035156
2025-01-10 17:53:40,6,33.4900016784668
2025-01-10 17:54:40,5,31.75
2025-01-10 17:55:39,5,32.540000915527344
2025-01-10 17:56:40,5,34.470001220703125
2025-01-10 17:57:40,6,34.369998931884766
2025-01-10 17:58:39,6,29.959999084472656
2025-01-10 17:59:40,5,22.219999313354492
2025-01-10 18:00:40,4,13.380000114440918
2025-01-10 18:01:40,4,5.070000171661377
2025-01-10 18:02:40,3,-2.200000047683716
2025-01-10 18:03:40,2,-10.460000038146973
2025-01-10 18:04:39,1,-14.550000190734863
2025-01-10 18:05:41,1,-17.549999237060547
2025-01-10 18:06:39,0,-22.850000381469727
2025-01-10 18:07:39,0,-24.969999313354492
2025-01-10 18:08:40,0,-26.260000228881836
2025-01-10 18:09:40,0,-26.649999618530273
2025-01-10 18:10:40,0,-27.56999969482422
2025-01-10 18:11:40,0,-28.31999969482422
2025-01-10 18:12:40,0,-28.75
2025-01-10 18:13:40,0,-29.350000381469727
2025-01-10 18:14:39,0,-29.8700008392334
2025-01-10 18:15:40,0,-30.079999923706055
2025-01-10 18:16:40,0,-29.84000015258789
2025-01-10 18:17:39,0,-30.079999923706055
2025-01-10 18:18:40,0,-29.700000762939453
2025-01-10 18:19:40,0,-29.829999923706055
2025-01-10 18:20:39,0,-29.889999389648438
2025-01-10 18:21:40,0,-29.8700008392334
2025-01-10 18:22:40,0,-30.209999084472656
2025-01-10 18:23:40,0,-30.010000228881836
2025-01-10 18:24:40,0,-29.780000686645508
2025-01-10 18:25:39,0,-30.149999618530273
2025-01-10 18:26:40,0,-30.280000686645508
2025-01-10 18:27:40,-1,-30.360000610351562
2025-01-10 18:28:40,-1,-30.440000534057617
2025-01-10 18:29:40,-1,-29.219999313354492
2025-01-10 18:30:39,-1,-23.649999618530273
2025-01-10 18:31:40,-1,-18.15999984741211
2025-01-10 18:32:40,-1,-14.4399995803833
2025-01-10 18:33:39,-1,-14.489999771118164
2025-01-10 18:34:40,0,-14.569999694824219
2025-01-10 18:35:41,0,-14.529999732971191
2025-01-10 18:36:40,0,-14.739999771118164
2025-01-10 18:37:40,0,-14.479999542236328
2025-01-10 18:38:40,0,-14.720000267028809
2025-01-10 18:39:40,0,-14.479999542236328
2025-01-10 18:40:40,0,-14.489999771118164
2025-01-10 18:41:39,0,-14.630000114440918
2025-01-10 18:42:40,0,-14.619999885559082
2025-01-10 18:43:39,0,-14.529999732971191
2025-01-10 18:44:40,0,-14.550000190734863
2025-01-10 18:45:39,0,-14.430000305175781
2025-01-10 18:46:40,0,-16.299999237060547
2025-01-10 18:47:40,0,-16.270000457763672
2025-01-10 18:48:39,0,-16.110000610351562
2025-01-10 18:49:40,0,-16.1200008392334
2025-01-10 18:50:40,0,-16.420000076293945
2025-01-10 18:51:41,0,-16.270000457763672
2025-01-10 18:52:39,0,-16.229999542236328
2025-01-10 18:53:40,0,-16.209999084472656
2025-01-10 18:54:40,0,-16.25
2025-01-10 18:55:39,0,-16.360000610351562
2025-01-10 18:56:40,0,-16.309999465942383
2025-01-10 18:57:40,0,-16.40999984741211
2025-01-10 18:58:39,0,-16.1299991607666
2025-01-10 18:59:39,0,-16.440000534057617
2025-01-10 19:00:39,0,-16.260000228881836
2025-01-10 19:01:40,0,-16.3700008392334
2025-01-10 19:02:39,-1,-16.579999923706055
2025-01-10 19:03:39,-1,-16.260000228881836
2025-01-10 19:04:39,-1,-16.100000381469727
2025-01-10 19:05:41,-1,-16.309999465942383
2025-01-10 19:06:39,-1,-16.549999237060547
2025-01-10 19:07:39,-1,-16.440000534057617
2025-01-10 19:08:40,-1,-16.389999389648438
2025-01-10 19:09:39,-1,-16.479999542236328
2025-01-10 19:10:37,-1,-16.350000381469727
2025-01-10 19:11:40,-1,-16.350000381469727
2025-01-10 19:12:40,-1,-16.3700008392334
2025-01-10 19:13:39,-1,-16.559999465942383
2025-01-10 19:14:40,-1,-16.31999969482422
2025-01-10 19:15:40,-1,-16.360000610351562
2025-01-10 19:16:39,-1,-16.549999237060547
2025-01-10 19:17:40,-1,-16.440000534057617
2025-01-10 19:18:39,-1,-16.389999389648438
2025-01-10 19:19:40,-1,-16.459999084472656
2025-01-10 19:20:39,-1,-16.399999618530273
2025-01-10 19:21:39,-1,-16.389999389648438
2025-01-10 19:22:40,0,-16.729999542236328
2025-01-10 19:23:39,0,-16.6299991607666
2025-01-10 19:24:39,0,-16.360000610351562
2025-01-10 19:25:40,0,-16.639999389648438
2025-01-10 19:26:39,0,-16.559999465942383
2025-01-10 19:27:39,-1,-16.68000030517578
2025-01-10 19:28:40,-1,-16.649999618530273
2025-01-10 19:29:40,-1,-16.520000457763672
2025-01-10 19:30:39,-1,-16.43000030517578
2025-01-10 19:31:40,-1,-16.5
2025-01-10 19:32:40,-1,-16.690000534057617
2025-01-10 19:33:39,0,-16.860000610351562
2025-01-10 19:34:39,0,-16.549999237060547
2025-01-10 19:35:41,0,-16.450000762939453
2025-01-10 19:36:40,-1,-16.670000076293945
2025-01-10 19:37:39,-1,-16.489999771118164
2025-01-10 19:38:40,-1,-16.59000015258789
2025-01-10 19:39:40,-2,-16.6299991607666
2025-01-10 19:40:39,-2,-16.559999465942383
2025-01-10 19:41:40,-2,-16.6299991607666
2025-01-10 19:42:40,-3,-16.520000457763672
2025-01-10 19:43:39,-3,-16.520000457763672
2025-01-10 19:44:40,-3,-16.59000015258789
2025-01-10 19:45:40,-3,-16.450000762939453
2025-01-10 19:46:40,-3,-16.440000534057617
2025-01-10 19:47:40,-3,-16.760000228881836
2025-01-10 19:48:40,-3,-16.450000762939453
2025-01-10 19:49:40,-3,-16.5
2025-01-10 19:50:39,-3,-16.459999084472656
2025-01-10 19:51:40,-3,-16.299999237060547
2025-01-10 19:52:40,-2,-16.639999389648438
2025-01-10 19:53:40,-2,-16.510000228881836
2025-01-10 19:54:40,-3,-16.6200008392334
2025-01-10 19:55:40,-3,-16.459999084472656
2025-01-10 19:56:40,-3,-16.780000686645508
2025-01-10 19:57:38,-3,-16.31999969482422
2025-01-10 19:58:40,-3,-16.459999084472656
2025-01-10 19:59:39,-3,-16.440000534057617
2025-01-10 20:00:40,-3,-16.350000381469727
2025-01-10 20:01:40,-3,-16.68000030517578
2025-01-10 20:02:39,-3,-16.790000915527344
2025-01-10 20:03:40,-3,-16.450000762939453
2025-01-10 20:04:39,-3,-16.56999969482422
2025-01-10 20:05:40,-3,-16.860000610351562
2025-01-10 20:06:39,-3,-16.3700008392334
2025-01-10 20:07:39,-2,-16.719999313354492
2025-01-10 20:08:39,-2,-16.450000762939453
2025-01-10 20:09:39,-2,-16.510000228881836
2025-01-10 20:10:41,-2,-16.399999618530273
2025-01-10 20:11:39,-2,-16.469999313354492
2025-01-10 20:12:40,-2,-16.770000457763672
2025-01-10 20:13:40,-2,-16.780000686645508
2025-01-10 20:14:40,-2,-16.760000228881836
2025-01-10 20:15:40,-2,-16.760000228881836
2025-01-10 20:16:39,-2,-16.600000381469727
2025-01-10 20:17:41,-2,-16.489999771118164
2025-01-10 20:18:39,-2,-16.420000076293945
2025-01-10 20:19:39,-2,-16.3799991607666
2025-01-10 20:20:39,-2,-16.559999465942383
2025-01-10 20:21:40,-2,-16.709999084472656
2025-01-10 20:22:39,-2,-16.6299991607666
2025-01-10 20:23:39,-1,-16.75
2025-01-10 20:24:40,-1,-16.06999969482422
2025-01-10 20:25:40,-1,-15.970000267028809
2025-01-10 20:26:39,-1,-16.209999084472656
2025-01-10 20:27:39,-1,-16.110000610351562
2025-01-10 20:28:40,-1,-16.149999618530273
2025-01-10 20:29:39,-1,-16.280000686645508
2025-01-10 20:30:40,-1,-16.280000686645508
2025-01-10 20:31:39,-1,-16.09000015258789
2025-01-10 20:32:40,-1,-16.290000915527344
2025-01-10 20:33:40,-1,-16.510000228881836
2025-01-10 20:34:40,-1,-16.459999084472656
2025-01-10 20:35:40,-1,-16.3700008392334
2025-01-10 20:36:40,-1,-16.3700008392334
2025-01-10 20:37:39,-1,-16.389999389648438
2025-01-10 20:38:40,-1,-16.540000915527344
2025-01-10 20:39:41,-1,-16.25
2025-01-10 20:40:39,-1,-16.450000762939453
2025-01-10 20:41:37,-1,-16.440000534057617
2025-01-10 20:42:40,-1,-16.100000381469727
2025-01-10 20:43:39,-1,-16.139999389648438
2025-01-10 20:44:37,-1,-16.399999618530273
2025-01-10 20:45:40,-1,-16.25
2025-01-10 20:46:40,-1,-16.100000381469727
2025-01-10 20:47:40,-1,-16.09000015258789
2025-01-10 20:48:40,-1,-16.239999771118164
2025-01-10 20:49:39,-1,-16.229999542236328
2025-01-10 20:50:40,-1,-16.280000686645508
2025-01-10 20:51:39,-1,-16.31999969482422
2025-01-10 20:52:39,-1,-16.3799991607666
2025-01-10 20:53:40,-1,-16.219999313354492
2025-01-10 20:54:40,-1,-16.3700008392334
2025-01-10 20:55:40,-1,-16.459999084472656
2025-01-10 20:56:39,-1,-16.309999465942383
2025-01-10 20:57:40,-1,-16.3799991607666
2025-01-10 20:58:40,-1,-16.270000457763672
2025-01-10 20:59:39,-1,-16.149999618530273
2025-01-10 21:00:40,-1,-16.329999923706055
2025-01-10 21:01:40,-1,-16.40999984741211
2025-01-10 21:02:39,-1,-16.440000534057617
2025-01-10 21:03:39,-1,-16.3799991607666
2025-01-10 21:04:40,-1,-16.6200008392334
2025-01-10 21:05:39,0,-16.31999969482422
2025-01-10 21:06:39,0,-16.520000457763672
2025-01-10 21:07:39,0,-16.350000381469727
2025-01-10 21:08:40,0,-16.399999618530273
2025-01-10 21:09:40,0,-16.31999969482422
2025-01-10 21:10:40,0,-16.040000915527344
2025-01-10 21:11:39,0,-15.899999618530273
2025-01-10 21:12:40,0,-16.059999465942383
2025-01-10 21:13:39,0,-16.030000686645508
2025-01-10 21:14:39,0,-16.079999923706055
2025-01-10 21:15:40,0,-16.149999618530273
2025-01-10 21:16:40,0,-15.869999885559082
2025-01-10 21:17:39,0,-16.020000457763672
2025-01-10 21:18:40,0,-16.059999465942383
2025-01-10 21:19:40,0,-16.09000015258789
2025-01-10 21:20:39,0,-15.930000305175781
2025-01-10 21:21:40,0,-15.989999771118164
2025-01-10 21:22:39,0,-16.09000015258789
2025-01-10 21:23:40,0,-16.15999984741211
2025-01-10 21:24:39,0,-16.219999313354492
2025-01-10 21:25:40,0,-16.079999923706055
2025-01-10 21:26:40,0,-16.059999465942383
2025-01-10 21:27:40,0,-16.170000076293945
2025-01-10 21:28:37,0,-16.020000457763672
2025-01-10 21:29:39,0,-16.200000762939453
2025-01-10 21:30:40,-1,-16.079999923706055
2025-01-10 21:31:39,-1,-15.989999771118164
2025-01-10 21:32:40,-1,-16.149999618530273
2025-01-10 21:33:40,-1,-16.149999618530273
2025-01-10 21:34:39,-1,-16.110000610351562
2025-01-10 21:35:39,0,-16
2025-01-10 21:36:39,0,-16.280000686645508
2025-01-10 21:37:39,0,-16.229999542236328
2025-01-10 21:38:40,0,-16.149999618530273
2025-01-10 21:39:39,-1,-16.280000686645508
2025-01-10 21:40:40,-1,-16.309999465942383
2025-01-10 21:41:40,-1,-16.260000228881836
2025-01-10 21:42:39,-1,-16.1200008392334
2025-01-10 21:43:39,-1,-16.1299991607666
2025-01-10 21:44:39,-1,-16.149999618530273
2025-01-10 21:45:40,-1,-16.309999465942383
2025-01-10 21:46:39,-1,-16
2025-01-10 21:47:40,-1,-15.970000267028809
2025-01-10 21:48:40,-1,-16.15999984741211
2025-01-10 21:49:39,-1,-16.170000076293945
2025-01-10 21:50:39,-1,-16.3799991607666
2025-01-10 21:51:39,-1,-16.219999313354492
2025-01-10 21:52:39,-1,-16.059999465942383
2025-01-10 21:53:39,-1,-16.40999984741211
2025-01-10 21:54:40,-1,-16.020000457763672
2025-01-10 21:55:40,-1,-16.020000457763672
2025-01-10 21:56:39,-1,-16.079999923706055
2025-01-10 21:57:39,-1,-16.15999984741211
2025-01-10 21:58:40,-1,-16.270000457763672
2025-01-10 21:59:39,-1,-16.43000030517578
2025-01-10 22:00:39,-1,-16.309999465942383
2025-01-10 22:01:39,-1,-16.3799991607666
2025-01-10 22:02:39,-1,-16.239999771118164
2025-01-10 22:03:39,-1,-16.1200008392334
2025-01-10 22:04:39,-1,-15.869999885559082
2025-01-10 22:05:40,-1,-16.030000686645508
2025-01-10 22:06:40,-1,-16.059999465942383
2025-01-10 22:07:38,-1,-16.079999923706055
2025-01-10 22:08:39,-1,-16.190000534057617
2025-01-10 22:09:40,-1,-16.389999389648438
2025-01-10 22:10:40,-1,-16.010000228881836
2025-01-10 22:11:39,-1,-15.979999542236328
2025-01-10 22:12:40,-1,-16.030000686645508
2025-01-10 22:13:40,-1,-16.049999237060547
2025-01-10 22:14:38,-1,-16.209999084472656
2025-01-10 22:15:38,-1,-16.200000762939453
2025-01-10 22:16:39,-1,-15.930000305175781
2025-01-10 22:17:40,-1,-16.229999542236328
2025-01-10 22:18:39,-1,-16.149999618530273
2025-01-10 22:19:39,-1,-16.079999923706055
2025-01-10 22:20:40,-1,-16.1200008392334
2025-01-10 22:21:39,-1,-16.010000228881836
2025-01-10 22:22:40,-1,-16.149999618530273
2025-01-10 22:23:40,-1,-16.100000381469727
2025-01-10 22:24:39,-1,-15.970000267028809
2025-01-10 22:25:40,-1,-15.949999809265137
2025-01-10 22:26:39,-1,-16.06999969482422
2025-01-10 22:27:39,-1,-16.110000610351562
2025-01-10 22:28:39,-1,-16.149999618530273
2025-01-10 22:29:39,-1,-16.200000762939453
2025-01-10 22:30:40,-1,-16.1299991607666
2025-01-10 22:31:39,-1,-15.850000381469727
2025-01-10 22:32:40,-1,-16
2025-01-10 22:33:39,-1,-15.890000343322754
2025-01-10 22:34:39,-1,-16.020000457763672
2025-01-10 22:35:40,-1,-16.190000534057617
2025-01-10 22:36:39,-1,-16.049999237060547
2025-01-10 22:37:40,-1,-16.09000015258789
2025-01-10 22:38:40,-1,-16.31999969482422
2025-01-10 22:39:39,-1,-16.329999923706055
2025-01-10 22:40:39,-1,-16.100000381469727
2025-01-10 22:41:40,-1,-15.970000267028809
2025-01-10 22:42:40,-1,-16.15999984741211
2025-01-10 22:43:39,-1,-16.040000915527344
2025-01-10 22:44:39,-1,-16.010000228881836
2025-01-10 22:45:40,-1,-16.059999465942383
2025-01-10 22:46:39,-1,-15.949999809265137
2025-01-10 22:47:39,-1,-16.149999618530273
2025-01-10 22:48:40,-1,-16.25
2025-01-10 22:49:39,-1,-16.209999084472656
2025-01-10 22:50:39,-1,-16.1200008392334
2025-01-10 22:51:40,-1,-16.1299991607666
2025-01-10 22:52:40,-1,-16.329999923706055
2025-01-10 22:53:39,-1,-16.190000534057617
2025-01-10 22:54:40,-1,-16.280000686645508
2025-01-10 22:55:40,-1,-16.139999389648438
2025-01-10 22:56:39,-1,-16.059999465942383
2025-01-10 22:57:39,-1,-16.18000030517578
2025-01-10 22:58:40,-1,-16.15999984741211
2025-01-10 22:59:35,-1,-16.209999084472656
2025-01-10 23:00:39,-1,-16.350000381469727
2025-01-10 23:01:39,-1,-16.510000228881836
2025-01-10 23:02:38,-1,-16.209999084472656
2025-01-10 23:03:40,-1,-16.239999771118164
2025-01-10 23:04:39,-1,-16.299999237060547
2025-01-10 23:05:40,-1,-16.309999465942383
2025-01-10 23:06:39,-1,-16.139999389648438
2025-01-10 23:07:39,-1,-16.329999923706055
2025-01-10 23:08:39,-1,-16.43000030517578
2025-01-10 23:09:40,-1,-16.209999084472656
2025-01-10 23:10:40,-1,-16.18000030517578
2025-01-10 23:11:38,-1,-16.299999237060547
2025-01-10 23:12:39,-1,-16.350000381469727
2025-01-10 23:13:40,-2,-16.260000228881836
2025-01-10 23:14:39,-2,-16.34000015258789
2025-01-10 23:15:39,-2,-16.360000610351562
2025-01-10 23:16:39,-2,-16.360000610351562
2025-01-10 23:17:40,-1,-16.290000915527344
2025-01-10 23:18:38,-1,-16.360000610351562
2025-01-10 23:19:40,-1,-16.43000030517578
2025-01-10 23:20:40,-1,-16.15999984741211
2025-01-10 23:21:39,-1,-16.260000228881836
2025-01-10 23:22:39,-1,-16.540000915527344
2025-01-10 23:23:39,-1,-16.399999618530273
2025-01-10 23:24:40,-1,-16.1200008392334
2025-01-10 23:25:39,-1,-16.170000076293945
2025-01-10 23:26:39,-1,-16.209999084472656
2025-01-10 23:27:40,-1,-16.15999984741211
2025-01-10 23:28:39,-1,-16.209999084472656
2025-01-10 23:29:39,-1,-16.450000762939453
2025-01-10 23:30:40,-1,-16.280000686645508
2025-01-10 23:31:39,-1,-16.559999465942383
2025-01-10 23:32:40,-2,-16.530000686645508
2025-01-10 23:33:39,-2,-16.329999923706055
2025-01-10 23:34:39,-2,-16.31999969482422
2025-01-10 23:35:40,-2,-16.389999389648438
2025-01-10 23:36:39,-2,-16.309999465942383
2025-01-10 23:37:40,-2,-16.40999984741211
2025-01-10 23:38:40,-2,-16.389999389648438
2025-01-10 23:39:39,-2,-16.479999542236328
2025-01-10 23:40:40,-2,-16.229999542236328
2025-01-10 23:41:39,-2,-16.059999465942383
2025-01-10 23:42:39,-2,-16.389999389648438
2025-01-10 23:43:39,-2,-16.440000534057617
2025-01-10 23:44:39,-2,-16.139999389648438
2025-01-10 23:45:40,-2,-16.270000457763672
2025-01-10 23:46:37,-2,-16.31999969482422
2025-01-10 23:47:40,-2,-16.25
2025-01-10 23:48:39,-2,-16.280000686645508
2025-01-10 23:49:39,-2,-16.309999465942383
2025-01-10 23:50:39,-2,-16.389999389648438
2025-01-10 23:51:39,-2,-16.270000457763672
2025-01-10 23:52:40,-2,-16.360000610351562
2025-01-10 23:53:39,-2,-16.479999542236328
2025-01-10 23:54:40,-2,-16.34000015258789
2025-01-10 23:55:40,-2,-16.15999984741211
2025-01-10 23:56:39,-2,-16.260000228881836
2025-01-10 23:57:38,-2,-16.309999465942383
2025-01-10 23:58:40,-2,-16.3700008392334
2025-01-10 23:59:39,-2,-16.3799991607666